samples,run,guessed_password,success,runtime_ns,avg_gap_ns
201,1,r4ndomP@sl,false,138491964708,209353.8
201,2,r4ndomPx@1,false,129895068083,142959.2
201,3,r4ndomP@ss,true,137779297583,195012.7
201,4,r4ndomP@sF,false,138194393042,195906.2
201,5,r4ndomP@ss,true,137512882833,201692.4
201,6,r4ndomP@ss,true,137436873791,206271.3
201,7,r4ndomP@v4,false,135044920792,164237.6
201,8,r4ndomP@ss,true,137615948167,204178.6
201,9,r4ndomP@ss,true,137672078750,200635.1
201,10,r4ndomP@ss,true,137997878542,187643.3
201,11,r4ndomP@ss,true,137533416000,201863.6
201,12,r4ndomPz5Q,false,128750248166,152404.8
201,13,r4ndomP@ss,true,137729359167,200807.7
201,14,r4ndomP@ss,true,137441890250,207598.2
201,15,r4ndomP@ss,true,137676848250,198614.9
201,16,r4ndomP@ss,true,137451629833,205370.7
201,17,r4ndomP@ss,true,137385073792,209686
201,18,r4ndomP@ss,true,137853208791,196473.7
201,19,r4ndomP@ss,true,137431841709,207494.9
201,20,r4ndomP@ss,true,137398813333,207136
201,1,r4ndomP@sk,false,139449922875,215336.1
201,2,r4ndomP@ss,true,138528197458,198175.3
201,3,r4ndomP@ss,true,138557076625,205352.6
201,4,r4ndomP@ss,true,138367041333,205837.8
201,5,r4ndomPXKy,false,128996427292,149696.4
201,6,r4ndomP6MX,false,130987822666,127173.9
201,7,r4ndomP@ss,true,138959437375,212611.4
201,8,r4ndomP@ss,true,138480061708,204480.9
201,9,r4ndomP@ss,true,138239205125,207189.7
201,10,r4ndomP@ss,true,138482783417,204742.4
201,11,r4ndomP@ss,true,137755517750,201108.6
201,12,r4ndomP@ss,true,137928388541,200274
201,13,r4ndomP@ss,true,138101387208,199925.4
201,14,r4ndomP@ss,true,137881070792,209132.1
201,15,r4ndomP@ss,true,137858304625,203216.9
201,16,r4ndomP@ss,true,138588890042,198772.1
201,17,r4ndomP@ss,true,138944324250,194999.7
201,18,r4ndomP@ss,true,137743132750,208854.3
201,19,r4ndomP@ss,true,137913636917,203167.7
201,20,r4ndomP@ss,true,137645237000,205877.5
101,1,r4ndomP@ss,true,69249370209,199318.6
101,2,r4ndomP@ss,true,69190845209,201928.8
101,3,r4ndomP@ss,true,69164373459,202835.8
101,4,r4ndomP@sx,false,69954559500,212306.1
101,5,r4ndomP@s^,false,69399582375,241462.4
101,6,r4ndomP@ss,true,70493194208,154685.8
101,7,r4ndomP@vf,false,67814889084,174740.9
101,8,r4ndomP@&B,false,68607834750,198808.9
101,9,r4nC9Za2!U,false,37604866875,83760.9
101,10,r4ndomP@ss,true,69637058625,177620.7
101,11,r4ndomP@ss,true,69246849917,201347.1
101,12,r4ndomP@ss,true,69170599541,201526.3
101,13,r4ndomP@ss,true,69645826291,181417.9
101,14,r4ndomP@sQ,false,70230359417,164104
101,15,r4ndomP@ss,true,70616647125,159660
101,16,r4ndomP@ss,true,70106977958,202331.5
101,17,r4ndomP@ss,true,69425677833,191207.5
101,18,r4ndomP@ss,true,69506194333,175280.7
101,19,r4ndomP@#^,false,68285245208,174393.9
101,20,r4ndomUhiY,false,60662565458,144187.5
50,1,r4ndomP@ss,true,34226830333,190277.5
50,2,r4ndomP@p0,false,33599470042,170896.6
50,3,r4ndomP@ss,true,34155518541,197835.4
50,4,r4ndomP@ss,true,34215809500,189202.7
50,5,r4ndomP@ss,true,34303654500,185125
50,6,r4ndomP@ss,true,34194714542,194694.5
50,7,r4ndomP@ss,true,34214903250,182389.8
50,8,r4ndomP@ss,true,34227531875,178096
50,9,r4ndomP@ss,true,34282440833,177916.4
50,10,r4ndomP@ss,true,34731645125,146944
50,11,r4ndomP@ss,true,34467267958,188683.1
50,12,r4ndomP@ss,true,34454562458,185843.3
50,13,r4ndomP@ss,true,34456946583,199175.3
50,14,r4ndo9Pm*S,false,26960897083,117329.7
50,15,r4ndomP@ss,true,34376519500,182162.6
50,16,r4ndomP@ss,true,34410174041,176236.5
50,17,r4ndomP@ss,true,34304964708,189548.4
50,18,r4ndomP@ss,true,34361463625,179792.4
50,19,r4ndomP@ss,true,34143299458,179678.4
50,20,r4ndomP@ss,true,34141495834,186463.5
10,1,r4ndomP@s$,false,6870508166,181172.9
10,2,r4ndomP@ss,true,6890747083,181846.6
10,3,r4ndomP@ss,true,6865326584,207416
10,4,r4ndomP@ss,true,6878258917,191054.9
10,5,r4ndomP@ss,true,6869368958,185557
10,6,r4ndomPRaX,false,6410147083,151236.7
10,7,r4ndomP@ss,true,6874842583,203475.7
10,8,r4ndomP@ss,true,6890098375,203684
10,9,r4ndomP@ss,true,6865095209,201443.9
10,10,r4ndomP@s0,false,6863689292,200271.5
10,11,r4ndomP@ss,true,6855614542,202825.7
10,12,r4ndomP@ss,true,6854724250,205570.4
10,13,r4ndomP@ss,true,6858579708,203679.3
10,14,r4ndomP@ss,true,6854409791,208476.6
10,15,r4ndomscGb,false,5947358917,170454.4
10,16,r4ndomP@ss,true,6871716667,201268.7
10,17,r4ndOsT!LC,false,4611991458,81931.8
10,18,r4ndomP@ss,true,6853969959,206078.6
10,19,r4nd@a5ljc,false,4619736458,91201.8
10,20,r4ndomPhcb,false,6407418833,150063.3
1,1,r4ndomP@ss,true,691406125,106616.6
1,2,r4ndomP@ss,true,684236500,119041.6
1,3,r4ndomP@ss,true,683983250,128983.2
1,4,r4ndomP@sd,false,683463208,114333.5
1,5,r4ndomP@sd,false,683245375,103321.1
1,6,r4ndomP@ss,true,683130833,102525.2
1,7,r4*vBoNgod,false,274080375,595899.9
1,8,r4ndomP@ss,true,684724375,155866.8
1,9,r4ndomP@ss,true,682700833,132708.1
1,10,r4ndomPBWg,false,646160750,117250
1,11,r4ndomheS%,false,608967916,309253.9
1,12,r4n*XKxjjj,false,370931584,46762.4
1,13,r4ndomP@mp,false,799328041,1480133.5
1,14,r4n&UvEj9b,false,381091500,377170.9
1,15,r4ndomGElr,false,594886458,96429.2
1,16,r4ndomP@9V,false,698670750,684483.4
1,17,r2PCt#CCqB,false,146023875,216104.2
1,18,r4UpzHMj@U,false,295987375,123004.4
1,19,r*aylXIcuD,false,168362500,427508.2
1,20,r4gZpMj@uS,false,281166291,363195.6
201,1,r4ndomP@ss,true,92349992042,132359.7,266.72497509123696
201,2,r4ndomP@ss,true,86931092833,110892.9,440.5544425445658
201,3,r4ndomP@ss,true,87662223583,110613,441.38280164511207
201,4,r4ndomP@ss,true,87053324792,122927.7,333.0487898099114
201,5,r4ndomP@ss,true,87974447000,110245.9,356.4799094690892
201,6,r4ndomP@ss,true,87484339208,122232.4,430.99433686989084
201,7,r4ndomP@ss,true,87565809083,128744.1,442.81989866351677
201,8,r4ndomP@ss,true,87725888208,109539.9,402.70046927141044
201,9,r4ndomP@ss,true,87307281417,139395.8,468.50618866021443
201,10,r4ndomP@ss,true,87167909708,113845.5,340.583467919938
201,11,r4nYicq0a#,false,49781013292,95863.8,336.20010690667783
201,12,r4ndomP@ss,true,87349828250,125021.3,353.80143391369063
201,13,r4ndomP@ss,true,87347171708,119049.8,451.41716905240946
201,14,r4ndomP@ss,true,87850477000,111883.9,357.55032017207674
201,15,r4ndomP@ss,true,87876373833,127097.9,333.3091401678199
201,16,r4ndomP@ss,true,87035072875,131645.2,429.55327609540626
201,17,r4ndomP@ss,true,87229013167,124211.6,330.60051545574333
201,18,r4ndomP@ss,true,87481076709,117706.3,388.0263043726003
201,19,r4ndomP@ss,true,87578156166,123149.2,391.4879431015506
201,20,r4ndomP@ss,true,87301872375,124054.3,378.9632416347959
201,21,r4ndomP@ss,true,87858720292,122363,520.5129444462108
201,22,r4ndomP@ss,true,87565686000,124514.7,372.0564337070918
201,23,r4ndomP@ss,true,87738826000,126617.4,332.4972260752235
201,24,r4ndomP@ss,true,86959188625,122531.7,470.08775492025063
201,25,r4ndomP@ss,true,87179015917,128292,341.03672213529666
201,26,r4ndomP@ss,true,87326736500,106715.2,331.50948955648994
201,27,r4nALGxomm,false,46925836917,44386.4,378.0428547575784
201,28,r4ndG3jojR,false,58571924000,56062.8,374.9909517381741
201,29,r4ndomP@ss,true,88112284542,123741.4,411.53086909636113
201,30,r4ndomP@ss,true,87456192375,107059,451.36565643624283
201,31,r4ndomP@ss,true,86591432417,130556,367.57432383312556
201,32,r4ndomP@ss,true,86899157917,122053.5,328.51055734324336
201,33,r4ndomP@ss,true,87483392583,113160.2,409.5721909467453
201,34,r4ndomP@ss,true,88308433833,118507.1,410.9548810226679
201,35,r4ndomP@ss,true,88582768042,121085,368.6283025749402
201,36,r4ndomP@ss,true,87697439417,127384.7,381.6064319553975
201,37,r4ndomP@ss,true,87607980500,127816.3,402.8000309676655
201,38,r4ndomP@ss,true,87800870583,118134.4,423.68778468052307
201,39,r4ndomP@ss,true,88063290083,108697.4,428.2095685150133
201,40,r4ndomP@ss,true,87535082750,118514,400.0945476322127
201,41,r4ndomP@ss,true,89079229041,100290.4,469.16490882681853
201,42,r4ndomP@ss,true,87899983291,128818.9,356.5771905292688
201,43,r4ndomP@ss,true,87834748666,121283.6,376.8820455407098
201,44,r4ndomP@ss,true,87750057750,118524.4,466.4313143325168
201,45,r4ndomPe^*,false,82670824625,85104.5,396.8066050614083
201,46,r4ndomP@ss,true,88265117583,95813.2,377.7178940106104
201,47,r4ndomP@ss,true,87987563250,111996.6,544.3682957410645
201,48,r4ndomP@ss,true,90529327542,99713.9,330.2792529636917
201,49,r4ndomP@ss,true,92443123458,124153.7,366.8131952683961
201,50,r4ndomP@ss,true,92351449500,126738.5,413.9038897072807
201,51,r4ndomP@ss,true,89591277666,126618.8,356.1803022997238
201,52,r4ndomP@ss,true,88463709292,109396.2,430.48120681693797
201,53,r4ndomP@ss,true,88141871375,117912.2,329.14365881127185
201,54,r4ndomP@ss,true,87709598875,123210.5,469.1687438142142
201,55,r4ndomPvWP,false,80916005000,116991.7,331.2761216083899
201,56,r4ndomP@ss,true,87125221208,121994.4,332.8332262186744
201,57,r4ndomKWi#,false,77048304666,90872,329.70714111741694
201,58,r4ndomP@ss,true,87298430459,105939.2,348.57517807780675
201,59,r4ndomP@ss,true,87051853333,112848.6,345.6828783776825
201,60,r4ndomP@ss,true,86831211791,121618.1,385.06631112703894
201,61,r4ndomP@ss,true,86614583958,105362.8,337.97675784223236
201,62,r4ndomP@ss,true,85416746333,132290.2,374.7541922325911
201,63,r4ndomP@ss,true,85733669041,119186.6,328.49259886012806
201,64,r4ndomP@$b,false,84405239375,114630.9,410.7516199374576
201,65,r4ndomP@ss,true,86567207000,120771.2,329.45080269366406
201,66,r4ndomP@se,false,86309039083,117924.3,363.4329690998744
201,67,r4ndomP@ss,true,86627394916,121956.2,659.703808515624
201,68,r4ndomP@ss,true,86555316333,126429.3,359.9626093689121
201,69,r4ndomP@ss,true,87456810541,103238.8,340.2269628949674
201,70,r4ndomP@ss,true,87032798250,113226.8,499.30765712109167
201,71,r4ndomP@ss,true,86992622792,119476.5,663.9305869334497
201,72,r4nd^ijjw&,false,58424096083,62066,631.5676321929894
201,73,r4ndomP@ss,true,87770340083,122059,731.3944459912839
201,74,r4ndomP@ss,true,87576790000,120581.8,659.4725466521297
201,75,r4ndoW$ChM,false,68477845167,69675.7,417.8443170077861
201,76,r4ndomP@sP,false,88243489667,123052.3,660.894287543668
201,77,r4ndomP@ss,true,87619395041,121161.5,633.078647957931
201,78,r4ndomP@ss,true,87672405667,115471.5,496.20971813196263
201,79,r4ndomP@B4,false,86022413667,107014.4,662.3815937878026
201,80,r4ndo9ah2E,false,68190367792,72643.9,659.8648741285803
201,81,r4ndomfSiD,false,75488877917,72193.5,718.8951052259266
201,82,r4ndomP@ss,true,86995489917,117966.2,343.5974003082215
201,83,r4ndom9as$,false,75853252708,81210.3,393.6367782041806
201,84,r4ndom0@0g,false,75856421000,86473,492.59154638020635
201,85,r4n3auZU1X,false,47426464083,48429.9,377.3396666579911
201,86,r4ndoyhhhh,false,68678221292,68595.9,694.7306448667805
201,87,r4ndo#d!h5,false,68822805125,73388.7,683.7728473695131
201,88,r4ndomP@R&,false,86560758167,101964.8,738.1636486324572
201,89,r4ndomPmag,false,82208346167,94856.2,729.4318813741955
201,90,r4ndomP@sd,false,88441956125,106572,719.2047235665273
201,91,r4ndomP@Ut,false,85975411334,91990.7,776.7910212601535
201,92,r4ndomP@ss,true,87631497083,115379,426.69835803897814
201,93,r4ndomP@ss,true,87526863792,125181,698.3870534976279
201,94,r4ndomP@ss,true,88113241834,119618.1,693.1100491010407
201,95,r4ndomP@Se,false,86025895334,109736.2,436.0317330746683
201,96,r4ndo!biQY,false,68689356416,74211.5,419.2740413425851
201,97,r4ndomP@ss,true,87560584375,111261.2,693.6456141789777
201,98,r4ndomP@L^,false,86169189041,98435.8,693.5049617397042
201,99,r4ndomPyMp,false,82363108708,101959.5,694.6640032828802
201,100,r4ndFlpuzh,false,64090811125,119041.5,676.3241586604604
201,101,r4ndomP@*a,false,88103715875,119531.1,663.6073390522386
201,102,r4ndomj2gg,false,76077935000,83664.5,693.7846970365749
201,103,r4ndomP@sN,false,88543789458,104520.3,691.2872025933151
201,104,r4ndomP@ss,true,88856284334,107528.2,701.2694815158885
201,105,r4ndomP@sK,false,88948516125,108224.4,466.6300148351778
201,106,r4ndomP@ss,true,88655147709,114231.4,353.6545287976411
201,107,r4ndo&b!h2,false,68919645833,68646.6,330.46152858255977
201,108,r4ndomP@ss,true,88015238833,115243.1,409.5511044305373
201,109,r4ndomP@Te,false,86005483625,102079.7,720.7859903725723
201,110,r4ndomP@ss,true,88298980250,102162.6,329.37472056313345
201,111,r4ndVmj6jj,false,58763099291,58999.8,398.6425452081372
201,112,r4ndomP@ss,true,88386530167,108267.3,418.78565704611617
201,113,r4ndo*bhhS,false,69208069333,72747.4,340.327942599655
201,114,r4ndomP@se,false,88957285875,109022,737.018893432479
201,115,r4ndomP@ss,true,88228171416,121041.7,389.47363588984376
201,116,r4ndomP@ss,true,88207796459,122972.2,339.26489539223365
201,117,r4ndomP@Mr,false,87082385875,99062.6,383.7831366011658
201,118,r4ndomP@ss,true,88583118250,123073.6,346.61982565219495
201,119,r4ndomP@ss,true,88299846459,115010.9,333.1568697485767
201,120,r4ndomvLgU,false,77200335708,81255.4,431.972377671293
201,121,r4ndomP@ss,true,88151492208,119831.5,733.2743299241528
201,122,r4ndomP@ss,true,88094538583,117112.4,689.3689363826877
201,123,r4ndobhh3Y,false,68800186042,58117.5,406.7287588591937
201,124,r4ndowhhhh,false,68931901333,74652,420.9673281312304
201,125,r4ndomPYED,false,82733352458,100072.2,702.7041004600703
201,126,r4ndomP@ss,true,88281124042,114096.6,334.8926614332084
201,127,r4ndomP@ss,true,88830895209,110514.9,453.3761536728563
201,128,r4ndomP@ss,true,88385840209,123592.5,703.9630243265202
201,129,r4ndomP@ss,true,88455540667,121047.7,338.35712432242104
201,130,r4ndomP@ss,true,87984500959,120384.9,348.41441223362983
201,131,r4ndomP@ss,true,88208881666,125572.5,348.09540809474277
201,132,r4ndomPK!n,false,82415218208,90889,333.7364846967356
201,133,r4ndomP@ss,true,87900715125,119249.5,358.97796713627497
201,134,r4ndomPKpf,false,82451609875,86241.1,336.54827323836184
201,135,r4ndomP@ss,true,87855289250,118041.8,382.759453116978
201,136,r4ndomP@ss,true,88442120834,110576.2,446.38417461762975
201,137,r4ndomPgeh,false,82612654125,83065.7,738.2137748612865
201,138,r4ndomP@sI,false,88715135125,122546.3,417.9102856107737
201,139,r4ndomPIf7,false,82383796417,89403.5,392.8491743180099
201,140,r4ndomP@ss,true,88007326542,123994.6,699.4548819240991
201,141,r4ndomP@ss,true,88518224875,108812.7,348.50708725718874
201,142,r4ndomPH#g,false,82410934916,97640.4,491.5145468392986
201,143,r4ndomP@ss,true,88251604083,106981,353.93276372054794
201,144,r4ndomHggg,false,77007636625,82507.6,352.402619471587
201,145,r4ndoMc*Eh,false,68912867459,71428.4,355.3351488469943
201,146,r4ndAAkjjk,false,59290086042,60916.8,431.0476273516498
201,147,r4ndomP@ss,true,92191875958,108139.7,364.08606410761024
201,148,r4ndomP@ss,true,88392650250,116213.4,667.1721164299158
201,149,r4ndomP@ss,true,88019921000,109074.1,337.5689621646856
201,150,r4ndomP@ss,true,87639181667,120615.8,440.8912955532172
201,151,r4ndM06ijj,false,58245701541,57099.8,384.6316152263572
201,152,r4ndomP@ss,true,87676212334,111503,330.6782394819135
201,153,r4ndomP@ss,true,87373895875,128165.4,465.5256541748571
201,154,r4ndomP@ss,true,87763350375,126054.8,454.72447403618327
201,155,r4ndomP@sT,false,87478372916,115637.2,391.4799823516679
201,156,r4ndomzN8q,false,75552368834,83571.1,438.7952979108783
201,157,r4ndomPvKs,false,82034311875,97207.1,437.4120305724725
201,158,r4ndomP@ss,true,86971357583,124235.1,330.662243177729
201,159,r4ndomP@s4,false,87177695458,102414.1,455.9640160162139
201,160,r4ndomP@ss,true,86631914208,124332.7,378.00143889007137
201,161,r4ndomP@ss,true,87147239833,123094.9,449.03860598015245
201,162,r4ndomP@ss,true,87655321375,116229.1,333.3311981219787
201,163,r4ndomP@ss,true,87400720625,129867.9,376.13073552151286
201,164,r4ndomP@ss,true,87595221459,117053.8,376.90285495363975
201,165,r4ndomP@ss,true,87733829000,130875.5,366.4758417375275
201,166,r4ndomP@ss,true,88266009958,117274.9,369.90334001146823
201,167,r4ndomP@OI,false,87370661334,124326.9,381.7524563357177
201,168,r4nd@agiFj,false,61157345166,50931.2,352.54146392045925
201,169,r4ndomD61g,false,76641511375,84313.6,438.36415966086713
201,170,r4ndomP@ss,true,87477061750,123008.4,331.81445541037914
201,171,r4ndomP@ss,true,87602752625,117976,422.1768063515216
201,172,r4ndomP@ss,true,87894330375,124323.9,452.3984226496399
201,173,r4ndo&ghQ2,false,68496686500,70216.8,334.6080431510619
201,174,r4ndomP@sS,false,88912973834,102636.6,331.26223795216026
201,175,r4ndomP@*b,false,86757545084,98615.2,411.63524970505944
201,176,r4ndomP@ss,true,88097637000,121385.4,335.5604417263436
201,177,r4ndomP@ss,true,87734097458,108874.2,336.3227758056919
201,178,r4ndomP@ss,true,87726372041,129138.6,400.0018403767046
201,179,r4ndomP@ss,true,88211981417,112430.5,469.9418166491564
201,180,r4ndomP@ss,true,88292635375,125211,437.41798312740076
201,181,r4ndom6%gg,false,76154977417,71332,445.33594572694045
201,182,r4ndomP@ss,true,87752115167,117912.3,342.39878372981383
201,183,r4ndomP@ss,true,88088585708,106588.6,333.68245641245846
201,184,r4ndomP@ss,true,87321366250,122550.3,336.6518352657937
201,185,r4ndomP@ss,true,87398812250,126650.9,504.68233882630585
201,186,r4ndomP@ss,true,87981679291,119161.5,410.4068273280054
201,187,r4ndomP@ss,true,87220971666,115001.8,399.20545221988334
201,188,r4ndomP@ss,true,86748290792,121886.7,375.5275733105656
201,189,r4ndomP@ss,true,87636078417,113252.3,328.44821282175656
201,190,r4ndomP@ss,true,88160501083,130360.6,372.05879191078503
201,191,r4ndomP@ss,true,88086000125,126122.9,426.33997562594203
201,192,r4ndomP@ss,true,87571627958,127961.7,417.5849408169653
201,193,r4ndomP@ss,true,87725882959,128949.6,330.7721432888537
201,194,r4ndomP@ss,true,88159459959,120205,474.7878048351603
201,195,r4ndomP@ss,true,92280321083,115517.4,481.94786539364816
201,196,r4ndomP@ss,true,88124878667,123703.6,469.8365823928483
201,197,r4ndomP@ss,true,87985446250,123389.4,333.81825298458426
201,198,r4ndomP@ss,true,87571832209,125497.9,332.29792863789703
201,199,r4ndomP@ss,true,87890566458,126258.1,469.3067750526405
201,200,r4ndomP@ss,true,87627684750,126017.5,329.8817297312426
201,201,r4ndomP@ss,true,87699466667,122614,401.89583016419516
201,202,r4ndomP@ss,true,87440982542,129198.8,333.8026188152123
201,203,r4ndomP@ss,true,87676814833,123151.4,411.35838352319377
201,204,r4ndomP@ss,true,88137820959,104070.4,400.35551387079744
201,205,r4ndomP@ss,true,88786307542,120563.3,744.7163371253492
201,206,r4ndomP@ss,true,88994454958,131618.7,474.12060272868604
201,207,r4ndomP@ss,true,88232794917,116678.7,380.473752293824
201,208,r4ndomP@ss,true,88415153792,121897.3,368.7778005082904
201,209,r4ndomP@ss,true,88691029750,118537.6,335.17111422120945
201,210,r4ndomP@ss,true,88424900583,131752.1,735.5126852992041
201,211,r4ndomP@sn,false,87876058416,110502.7,347.97432531451165
201,212,r4ndomP@sf,false,87919163291,119494.9,737.2307889306928
201,213,r4ndomcggo,false,76322577750,72261.9,370.6527141696502
201,214,r4ndomP@sj,false,88111867125,115398.6,501.1664875531431
201,215,r4ndomP@ss,true,87642011791,115429.7,346.5102920298028
201,216,r4ndomP@sH,false,88193929375,112225.7,329.8089428163332
201,217,r4ndomP*cs,false,82311591916,96350,492.9576780604034
201,218,r4ndomfga#,false,76488691291,83105.5,338.32917376468095
201,219,r4ndomP@ss,true,87625948083,122034.8,765.6532822838833
201,220,r4ndomP@uW,false,85987607958,106702.8,689.1079567363627
201,221,r4ndomP@ss,true,87932590500,120937,440.6187221657063
201,222,r4ndomP@ss,true,87614704500,124601.3,420.46855849121994
201,223,r4ndomP@ss,true,87670720042,124871.5,483.1258449298768
201,224,r4ndomP@YR,false,86260496458,101264.3,332.7746071473476
201,225,r4ndom&gg%,false,76498681750,89310.4,335.9512021147758
201,226,r4ndomP@ss,true,88172218500,121523.1,803.7375949322906
201,227,r4ndomP@ss,true,87885622208,116029.3,379.9866338365843
201,228,r4ndomP@ss,true,88610615875,127730.4,418.0565195697592
201,229,r4ndomP@ss,true,87838396291,123591.9,518.9882790794917
201,230,r4ndomP@ss,true,89137075667,121042.8,356.9118758489685
201,231,r4ndomP@Pe,false,85682976959,108697.1,387.30026699190347
201,232,r4ndomP@ss,true,88477688042,118946,329.54139126989645
201,233,r4nyRAef1P,false,48020027083,56973.1,341.31228602582934
201,234,r4ndomP@ss,true,88020060416,112952.5,475.8909141741864
201,235,r4ndomP@ss,true,87406120292,115188.7,389.72901072665235
201,236,r4ndomP@ss,true,86701623584,123379.2,366.3525965425835
201,237,r4ndomP@ss,true,87925201958,118754.4,356.15031270243503
201,238,r4ndomP@ss,true,87810104041,115314.2,363.9864534562255
201,239,r4ndomP@ss,true,86695227083,118516.9,465.2511976492882
201,240,r4ndomP@sR,false,87477723583,109907.3,420.54407483265516
201,241,r4ndomP@ss,true,87712079708,128112.2,467.5952308642909
201,242,r4ndomP@ss,true,91228252542,125292.9,330.1736904699769
201,243,r4ndomP@ss,true,89201872667,110103.9,356.2753288703274
201,244,r4ndomPsk!,false,82571095333,109873.3,386.6317626344076
201,245,r4ndomP*fw,false,81740129042,90728.3,424.6147480354107
201,246,r4ndomP@ss,true,87134315584,127853.5,378.275697627436
201,247,r4ndomP@ss,true,86976765042,119867.3,338.9394275968931
201,248,r4ndomP@ss,true,87625959500,122479.6,329.5000177615151
201,249,r4ndomP@ss,true,87820914458,130419.8,459.0467132417958
201,250,r4ndomP@ss,true,87811613083,120790,413.0179940662013
201,251,r4ndor3jVj,false,68854662375,65480.5,777.7116435654841
201,252,r4nFu!Hpfp,false,47404296459,42567,389.9116014235809
201,253,r4ndomP@ss,true,88248253750,103559.3,426.1736675622907
201,254,r4ndomP@s9,false,88484780167,103726.3,581.7140682528819
201,255,r4ndomP@ss,true,88393236875,98187.6,422.96265621992814
201,256,r4ndomP@!v,false,86842718125,102492,703.291124143779
201,257,r4ndomP@ss,true,88561369042,104237.4,442.77777787277165
201,258,r4ndomP@ss,true,88415236458,110663.1,396.3386798821823
201,259,r4ndomPOv$,false,82720004375,90611.6,373.40882713860884
201,260,r4ndomP@ss,true,88731144542,108026.9,702.9035023078926
201,261,r4ndomP@ss,true,87618021417,127146.1,377.2722666072345
201,262,r4ndomP@ss,true,88516240666,115259.7,331.78400744459435
201,263,r4ndomP@33,false,87236796041,98845.6,507.3511171879642
201,264,r4ndomP@ss,true,88140075167,111546,699.2304009518729
201,265,r4ndomP@ss,true,89038348167,106657.2,699.534971127615
201,266,r4ndomP@ss,true,88024015667,122395.1,696.8260727887513
201,267,r4ndomP@ss,true,87866617459,129052.5,378.1900829029581
201,268,r4ndomP@s#,false,87916671667,110455.5,404.2917502325836
201,269,r4ndomP@ss,true,87544504958,128735.5,717.0536311521162
201,270,r4ndomP@sz,false,88190404458,115843.7,731.5207560282147
201,271,r4ndomP@ss,true,87683376417,117735.4,453.3441670832547
201,272,r4ndomP@ss,true,87842169666,116303.9,330.4692660853182
201,273,r4ndomP@ss,true,88005447708,125604.6,483.11917335747773
201,274,r4ndomP@ss,true,87583320125,127725.3,362.18631193483986
201,275,r4ndomP@ss,true,86992558625,114348.9,339.2160472163872
201,276,r4ndomP@ss,true,87556881458,113400.9,412.04700279360725
201,277,r4ndomP@ss,true,88367925292,122239.5,346.9024916792192
201,278,r4ndomP@ss,true,88045722292,123889.5,347.5490820070831
201,279,r4ndomP@ss,true,87255153458,108781.2,414.1692455589533
201,280,r4ndomP@ss,true,87118222042,127698.8,330.97976381740904
201,281,r4ndo3uAdf,false,68918217375,74792.3,424.5229346830066
201,282,r4ndomP@ss,true,87665475500,120127.2,349.8212227067448
201,1,DccigKaaaK,false,14861833,2,1.0467938848823704
201,2,aRKbanKhVu,false,10966542,0.5,1.0132363132363131
201,3,jSflaacib*,false,28957666,1.7,1.03563416357534
201,4,82dicxwagc,false,13633708,0.7,1.018997945313735
201,5,hL*Faahjy^,false,10486708,3,1.0811683487999277
201,6,EabaiQe!MS,false,10961958,1.2,1.0324324324324323
201,7,YaN&anaf5k,false,10520291,4.2,1.1195280995280994
201,8,RZfO85arga,false,10690833,5.1,1.1423015873015872
201,9,FcabpqgAgj,false,10334709,0.6,1.0161947661947663
201,10,cbcYC^7N!0,false,10569167,3,1.079093567251462
201,11,sbcL#r*Ka%,false,10254750,0.4,1.011115401115401
201,12,^gG%b*dHaC,false,10218042,0.2,1.0056349206349207
201,13,N%aqaamana,false,10289500,0.5,1.0135885885885885
201,14,sCrea&O*F%,false,10266917,0.2,1.0056349206349207
201,15,5aX%Paaa*0,false,10310250,0.6,1.0165165165165164
201,16,7oaaUgffaU,false,10527708,1.7,1.0467757230915127
201,17,*Tb7a*aaua,false,10222417,0.7,1.0193779493779493
201,18,*ivyi$shO@,false,11333500,3.1,1.071888453403011
201,19,@aaqrw%j*a,false,10385917,0.5,1.0138931788931786
201,20,GacpGoBaLc,false,10546833,0.1,1.0027777777777778
201,21,t8ba#a7Ujd,false,10309125,0.5,1.0136679536679538
201,22,baa!y8gaah,false,10460500,2.1,1.0501844701844703
201,23,bbbag^8@aP,false,10317333,3.2,1.0893650793650793
201,24,f@c$aa*9f@,false,10253458,0.5,1.0138223938223938
201,25,tXcobTSg!N,false,10556500,0.5,1.0135135135135136
201,26,0a^aKa#9^j,false,10533084,1.8,1.0486486486486486
201,27,ucaCahmA*@,false,10306375,1.9,1.0513513513513515
201,28,c87N$ufgdJ,false,10619375,6.2,1.166145092460882
201,29,EfDaaKs$We,false,10628167,2.2,1.0596846846846848
201,30,XKywpy3v@^,false,10485083,0.3,1.0081831831831831
201,31,rl8S9D%e!m,false,10853791,2.8,1.0741540583645848
201,32,bwU6r4xQ!!,false,48780208,1,1.0268252057725742
201,33,cVXBgvjaaa,false,11450458,2.7,1.0581481021779529
201,34,Ljfd3jsb1r,false,10452708,0.8,1.0213444213444212
201,35,P5MsAGado%,false,10408250,0.4,1.011190476190476
201,36,p8da$XMbK@,false,10402583,0.5,1.0135885885885887
201,37,aaGceab&af,false,10496708,0.6,1.0162912912912911
201,38,1*aaURP15*,false,10307708,0.8,1.0219262119262118
201,39,q*a7#akkaD,false,10343292,0.6,1.016216216216216
201,40,issAQe*dla,false,10339333,3.8,1.100885772991036
201,41,MgRCakf%&i,false,24448750,0.9,1.0241860281333965
201,42,fP@arhMRq#,false,12859250,3.4,1.0886327999485894
201,43,pfn^b3g8f3,false,10464208,1.7,1.0458748221906116
201,44,A*c!oet$%a,false,10226459,0.5,1.0137430287430287
201,45,bogp&fal4b,false,10494125,2.3,1.061123642439432
201,46,AabETBh!bf,false,10383209,2.5,1.0645183645183645
201,47,lV^abaNagI,false,10199542,0.4,1.0112741312741313
201,48,N*DUX^faga,false,10248417,0.6,1.0166752466752464
201,49,BceArYgfaa,false,10433042,4.5,1.1218468468468468
201,50,JFIbK5aafo,false,10275875,0.3,1.0084169884169885
201,51,Hblp$a*MLa,false,10388833,0.4,1.0108858858858858
201,52,xkeaL!*Efa,false,10400333,0.7,1.0190690690690691
201,53,d8aOo2ada4,false,10276500,0.7,1.0194573144573142
201,54,efRaA#kg1a,false,10269500,0.4,1.0109609609609609
201,55,1tMV64Zl7g,false,10281958,0.6,1.0162912912912911
201,56,djba^#r$aj,false,10397750,0.7,1.018918918918919
201,57,c6anjdaya*,false,10092250,0.3,1.0085714285714285
201,58,qmoazheOo$,false,10339458,0.4,1.011036036036036
201,59,OBaaaa5pkS,false,10500792,0.5,1.0135885885885885
201,60,*QaJBsaH8j,false,10951459,0.6,1.0162201675359572
201,61,0ccJd8aa&a,false,10553875,0.3,1.0081831831831831
201,62,%9a5pcAd&q,false,10478250,0.2,1.0054054054054054
201,63,mceaH#Baxc,false,10448292,0.2,1.0054804804804804
201,64,aYaGrpCF5b,false,10307959,0.3,1.0084169884169882
201,65,wEliaa@Ed%,false,10518083,3.7,1.1014650364650365
201,66,hidda0JIPa,false,10589041,0.4,1.0109609609609609
201,67,&bbauaC72^,false,10339333,0.2,1.0054804804804804
201,68,bxaOn6DxmE,false,10303041,0.6,1.0165165165165166
201,69,4am!JIbCk%,false,10168625,0.5,1.014131274131274
201,70,Fjqal1gaaa,false,10252209,0.5,1.0135885885885885
201,71,9a^ezd!b7a,false,10229583,0.6,1.0169841269841269
201,72,zY!$J*ecff,false,10253042,0.3,1.0083376233376236
201,73,MhaawVa&bd,false,10352958,0.4,1.010885885885886
201,74,AcB%aaag77,false,10237875,0.5,1.0135885885885885
201,75,bbaCmmbcdc,false,10285666,0.2,1.0055598455598456
201,76,&aa#!8oeja,false,10264917,0.3,1.0081831831831831
201,77,Z1qd%e*n3g,false,10403542,2.6,1.0702702702702704
201,78,rauGela$Bg,false,10391042,0.7,1.0190022353180248
201,79,it6vUSCcrc,false,10340625,0.5,1.0137430287430287
201,80,f&eaa&2*Lp,false,10369042,0.7,1.0190690690690691
201,81,$a3aRva%a*,false,10482458,0.5,1.0135968299126195
201,82,g6IUc&wa!m,false,10314500,0.5,1.0138223938223938
201,83,K9eataFWaa,false,10630583,0.8,1.0217717717717718
201,84,Sa^dbo*iva,false,10215958,0.3,1.0084920634920636
201,85,zehbMag2ea,false,10331291,0.4,1.0110360360360358
201,86,ia&pgq8aNb,false,10415000,0.4,1.011040326040326
201,87,rgbdUdufCO,false,10561583,3.2,1.0791512513303272
201,88,$Itaa89Jfa,false,10382416,3.3,1.0872727991149043
201,89,0kQaaFHYlZ,false,10292625,0.7,1.0190730203888099
201,90,&Tda6*^a9d,false,10316583,0.6,1.0166795366795367
201,91,ckmwafsiaS,false,10213708,0.4,1.0111947661947662
201,92,fcbBnbahrU,false,10218959,0.7,1.0194530244530244
201,93,f&zMakf#jA,false,10325083,0.6,1.0167546117546116
201,94,XmugzgJc8^,false,10349792,0.4,1.0108858858858858
201,95,5Q&aI#DFLB,false,10295333,0.4,1.0108108108108107
201,96,GXX1#gVkBc,false,10252084,0.2,1.0054804804804804
201,97,a^aagg**z9,false,10265334,0.7,1.018863939127097
201,98,7aCaa!aa^k,false,10323792,1,1.0277949377949376
201,99,gq6aMVt&*U,false,10344667,1,1.0277069927069926
201,100,*aed^bacau,false,10260208,0.6,1.0164457314457314
201,101,c7azG^Naa6,false,10472375,0.5,1.0135135135135136
201,102,!t0g#caaab,false,10382209,3.1,1.084013299013299
201,103,Pa!b$bpaNZ,false,10346000,0.7,1.0189979453137348
201,104,F$4acm$ds8,false,10365917,0.3,1.0084126984126986
201,105,O8paaeh6oa,false,10365750,0.4,1.010885885885886
201,106,0CiyG#Yafd,false,10344375,0.4,1.011040326040326
201,107,tbaialADaE,false,10416792,0.2,1.0054054054054054
201,108,YBaaafaXau,false,10254458,0.5,1.0138181038181038
201,109,2Caaadaaca,false,10385167,1.3,1.0321722098037887
201,110,r*q*uzAD&@,false,11523833,0.5,1.013813813813814
201,111,HUo@!Ieam*,false,11433750,0.6,1.0162912912912911
201,112,*TaaF4Gdaa,false,10385125,0.5,1.0139725439725438
201,113,egjf*a5Wae,false,10353000,1.6,1.042544198333672
201,114,VaGRaAqaui,false,10248959,0.6,1.016295242611032
201,115,ga4qcaMa*a,false,10306250,0.5,1.0138931788931789
201,116,$af0aia*bb,false,10302750,0.3,1.0084920634920636
201,117,mbjwdb0fL3,false,10518750,1.5,1.040924495924496
201,118,CCLFwc3b$*,false,27164709,1,1.0267656667656666
201,119,F4JnxJxbce,false,12639459,3.4,1.0719696094718396
201,120,ANIJgabnIa,false,10317458,2.9,1.0786078936078936
201,121,o^weRcna9a,false,10321583,3.5,1.0948241098241098
201,122,MiaelaPfwr,false,10282917,0.5,1.0142063492063493
201,123,Rdaueaoeja,false,10531375,4.8,1.1258154706430568
201,124,4qcaaauYjm,false,10317083,0.4,1.0112741312741311
201,125,abia96KgCf,false,10463375,0.9,1.025
201,126,daahia^!a*,false,10279709,0.2,1.0055598455598456
201,127,bccOe*anTo,false,10233250,0.4,1.0110360360360358
201,128,tamadnfava,false,10369125,0.6,1.0162912912912914
201,129,o%gQaLaAf^,false,10353042,0.3,1.0082582582582582
201,130,TIANDAauBa,false,10314375,0.7,1.019219219219219
201,131,#ep9ki@da*,false,10368292,0.4,1.011040326040326
201,132,aaeabW#ce6,false,10385625,0.7,1.0196117546117545
201,133,saaJlaQpqa,false,10413250,0.5,1.014126984126984
201,134,!ajVbk7oCP,false,10318208,0.5,1.0135885885885885
201,135,ab9a4a$haa,false,10268833,0.7,1.019069069069069
201,136,3Aiax^aoaE,false,10414500,0.6,1.0164457314457314
201,137,aiabbaccDP,false,10536667,4.4,1.122072072072072
201,138,Y*eya^!all,false,10360042,2,1.0543586443586446
201,139,$Oaaybas9*,false,10364459,0.4,1.011036036036036
201,140,hxzTaa%g88,false,10277167,0.4,1.011115401115401
201,141,uHiUaabIAa,false,10309500,0.5,1.0136636636636636
201,142,dJ%dH@aagb,false,10463333,1.8,1.0488738738738739
201,143,bfSa@V#%pb,false,10374792,0.9,1.0242532005689902
201,144,qhIMlaaSa%,false,10327167,0.7,1.0189228702386597
201,145,bbaZaa!7fF,false,10329250,0.3,1.008108108108108
201,146,Fbbpbmiaab,false,10322167,0.5,1.0135135135135136
201,147,N*wuD8sPaa,false,10369750,0.5,1.0136636636636633
201,148,^b7mQfWiaa,false,10291833,0.6,1.0162912912912911
201,149,h*asA**eaa,false,10237125,0.6,1.0165208065208065
201,150,a%@YnaZg^K,false,10446334,0.7,1.0197619047619046
201,151,&$cbbcz#3d,false,10221958,0.3,1.0084920634920636
201,152,caEqaab*YT,false,10507375,0.6,1.0165958815958818
201,153,accN^Ba%za,false,10402042,0.8,1.0217717717717716
201,154,y6aaQaaawm,false,10232459,0.8,1.0225439725439724
201,155,c#geQaKc@a,false,10288542,0.5,1.0140519090519091
201,156,rbgap*abf&,false,10372000,0.4,1.0108941272099166
201,157,$NxqKa&aJa,false,10298083,0.4,1.0112698412698413
201,158,7@V9a^bbb&,false,10353250,0.4,1.011190476190476
201,159,yaafaaBbal,false,10392334,1.5,1.0413706563706564
201,160,oxAadGGaid,false,10285500,0.3,1.008108108108108
201,161,M8RaglGpaa,false,10367875,0.6,1.016216216216216
201,162,cbbepa!Xka,false,10221709,0.4,1.011040326040326
201,163,*bhFaa*6li,false,10235333,0.4,1.011115401115401
201,164,*K4mAaxvrK,false,10341417,0.5,1.013968253968254
201,165,faba8^btc*,false,10383542,1.4,1.0392857142857141
201,166,4i&ai9a*p$,false,10357458,0.2,1.0054804804804804
201,167,iamaQ7vjfn,false,10277417,0.4,1.0114285714285713
201,168,$*aY7a*aby,false,10290208,0.4,1.011040326040326
201,169,0aMoOkjafx,false,10637708,0.6,1.016152691152691
201,170,6o2dSP&Ya#,false,10508167,2.4,1.0666709566709567
201,171,z$aXcJacaa,false,10320084,0.6,1.0166795366795367
201,172,5Figaajpha,false,10497000,0.5,1.0135174648332543
201,173,K8BaVa1Aw5,false,10331250,0.4,1.0108147621305517
201,174,jajeaX@cb*,false,10337291,0.3,1.0083376233376233
201,175,@irffg%eao,false,10475708,2.2,1.0594594594594595
201,176,qr$bk6aaab,false,10408250,0.5,1.013897468897469
201,177,*at$KemhTf,false,10990958,0.5,1.0138181038181038
201,178,jfFp4NiIVq,false,22456125,0.3,1.0079059829059829
201,179,&DGVgaXc4b,false,13797833,1.4,1.0304695079695079
201,180,7fwba!Fabk,false,10286584,4.8,1.1298798798798797
201,181,k*5waz8#Pa,false,10396958,0.3,1.0083376233376233
201,182,cXLalawab!,false,10319292,0.4,1.010810810810811
201,183,obZasArbam,false,10326875,0.2,1.0055598455598456
201,184,Maaaa7aDab,false,10384375,0.9,1.0243993993993996
201,185,t&1ua^cPIO,false,10243292,0.7,1.0190690690690691
201,186,Jjq@a&aarg,false,10337083,0.2,1.0054804804804804
201,187,crdta8wt4M,false,10322584,0.1,1.002702702702703
201,188,xaaamxyaa@,false,10313750,0.4,1.011036036036036
201,189,SML*xabba2,false,10369333,0.7,1.0193028743028743
201,190,Nv7&a3n%1a,false,10405084,0.3,1.0080369843527737
201,191,n3mjbj2D9L,false,10589917,0.2,1.0054054054054054
201,192,@Gao9abadR,false,10513709,0.5,1.0135885885885887
201,193,maafgVagAa,false,10313125,0.7,1.0189939939939938
201,194,dba*LgothT,false,10415750,0.8,1.0216216216216218
201,195,Y$b@%aCawu,false,10417583,0.3,1.0081831831831831
201,196,#^0csWgi@a,false,10335875,0.3,1.008036984352774
201,197,dfgva&jgpr,false,10524542,6,1.163138138138138
201,198,$aga%9bbfJ,false,10369375,0.5,1.0135885885885885
201,199,*aFlWaelad,false,10397667,3.4,1.094219219219219
201,200,kg2afdAOaZ,false,10512167,1.7,1.044148095463885
201,201,e8kqbfdzcr,false,10605125,0.5,1.0133001422475105
201,202,nbaaaagasB,false,10475250,0.7,1.0189189189189187
201,203,VG1uLvfaaG,false,10280541,0.5,1.0135135135135136
201,204,cbaXaeigau,false,10364000,0.8,1.0218593781751677
201,205,#aBrdudaV#,false,10317500,0.6,1.016216216216216
201,206,r8Mgwa#Nga,false,10400458,2.5,1.0649122503069874
201,207,XHaaPiaUhg,false,10417250,2.5,1.0670570570570572
201,208,cB6VYaadbx,false,10300000,0.3,1.008108108108108
201,209,aa^TaKaaab,false,10196875,0.9,1.0248584298584298
201,210,Uenw%egKja,false,10356708,2.2,1.0579658605974394
201,211,a$e22f^fFa,false,10359333,0.3,1.0081831831831831
201,212,j*b@Z!rfgb,false,10827708,0.2,1.0054054054054054
201,213,p5&&a%*mge,false,10504292,3.3,1.0917460317460317
201,214,$baga1abaa,false,10332833,1.1,1.0298798798798798
201,215,1T%GgaL!ah,false,10231208,0.3,1.0082625482625482
201,216,Zxuzg^a^*a,false,10328666,2.3,1.0620910384068278
201,217,8UaH^$0waH,false,10417042,2.3,1.0625461175461175
201,218,eqaanbIaWq,false,10241958,0.5,1.0123441809156093
201,219,&ac3Dzvbz&,false,10271875,0.4,1.0109609609609609
201,220,4aEe$QRaab,false,10315708,0.9,1.0243243243243243
201,221,PcgaMgaaBJ,false,10296291,0.6,1.0162201675359568
201,222,bIbdT$&ii3,false,10305125,2.3,1.062237237237237
201,223,kxaoffar8a,false,10313375,1.8,1.0489575289575288
201,224,#*#zDh%ahi,false,10625959,2.6,1.0703453453453453
201,225,eiacoE#ajc,false,10407000,4,1.1080369843527738
201,226,rb#q$2^8XR,false,10415834,0.3,1.0080409356725144
201,227,mSpaaoZkE4,false,10437875,0.3,1.008108108108108
201,228,abFE9WaE8a,false,10316083,0.3,1.0082625482625482
201,229,rI$6jkla8s,false,10378750,0.5,1.0133108108108106
201,230,@bb*i&bgaa,false,10507833,0.3,1.0082625482625482
201,231,Svba%ab0Qs,false,10223500,0.6,1.0164496827654723
201,232,Pcbbe9e7&w,false,10216750,0.5,1.0138223938223938
201,233,9ii*c**c%h,false,10794292,0.1,1.0027027027027027
201,234,3yEGnbAImh,false,11256167,0.4,1.0107396870554763
201,235,*sRidzrbf@,false,10289291,0.6,1.0166752466752467
201,236,tr4dbKGacc,false,10263458,1,1.0277155727155727
201,237,e9adt%7oWe,false,10394667,3.1,1.085960960960961
201,238,&bWbhG$#pa,false,10155084,0.2,1.0057142857142858
201,239,DVDMIfalaC,false,10369375,0.3,1.0081831831831831
201,240,qRa8p6*E45,false,10431875,1.3,1.0353603603603605
201,241,Oa7bpc5fab,false,10273166,0.5,1.0137430287430287
201,242,cbfaaaanca,false,10423583,1.5,1.0406238569396464
201,243,ac%wsaApNe,false,10388167,0.5,1.0137430287430287
201,244,cbbSaspki*,false,10314708,0.4,1.011115401115401
201,245,sbB@aa&Gfa,false,10302875,0.6,1.0166752466752467
201,246,&aR&aIa&a&,false,10379000,0.6,1.0166795366795367
201,247,QAaoaaUJ1a,false,10350833,0.8,1.0219305019305018
201,248,%kJ3ga9ac0,false,10472625,0.2,1.0054804804804804
201,249,D^3cMWlbaa,false,10503167,0.3,1.008108108108108
201,250,&b%gai^bad,false,10233792,0.5,1.0135135135135136
201,251,fabafhICNx,false,24850625,1.4,1.0374768174768174
201,252,8z66^rD*bo,false,12467958,1.1,1.0291703084560226
201,253,o4wK8iP*jQ,false,11083292,0.7,1.0184356725146197
201,254,iuakP$bf!m,false,10335750,1.5,1.0396159317211948
201,255,$4d@aca@mG,false,10371625,0.1,1.0027777777777778
201,256,xdcaamSb*5,false,10543125,0.4,1.0107396870554763
201,257,bb@aFFo4cw,false,10246083,0.3,1.0083376233376233
201,258,#Baqalaab&,false,10391958,0.2,1.0054054054054054
201,259,bcCa%ghs^a,false,10359667,0.4,1.0109692022849917
201,260,*caa@abvJ2,false,10249208,0.4,1.0109609609609609
201,261,jaa08aIac2,false,10197708,0.4,1.0112698412698413
201,262,*a&&CgyjaZ,false,10402375,0.6,1.0164414414414416
201,263,!gFeW#UaaS,false,10282625,0.2,1.0056349206349207
201,264,$aPabaemge,false,10288750,0.3,1.008108108108108
201,265,*want9xafa,false,10415292,0.5,1.0135885885885887
201,266,1t@Q@B8abf,false,10575209,0.7,1.0193822393822392
201,267,Ebfpgs@**C,false,10262875,1.6,1.0434727584727583
201,268,bcxkNOs^e3,false,10276500,0.6,1.0163703176861074
201,269,dbaSala^kY,false,10307084,0.2,1.0054804804804807
201,270,aeaRn6b8na,false,10276875,0.4,1.0109609609609609
201,271,Sf@bankyx&,false,10583791,0.4,1.0107396870554763
201,272,hcQN%!82dT,false,11969958,0.6,1.0160028449502134
201,273,l*fa*db5bI,false,10419875,2.2,1.0566874566874567
201,274,9!a*fk*aHf,false,10512583,0.1,1.002702702702703
201,275,PzCxd*$afb,false,10155209,0.3,1.0082625482625482
201,276,M&0sDdra3a,false,10272584,2,1.0534422768633294
201,277,Ibwxbga^b8,false,10318709,0.3,1.0084126984126984
201,278,@dMxAp*eMt,false,10274250,0.6,1.0167503217503218
201,279,ks0j*7aNZy,false,10289833,0.4,1.0110360360360358
201,280,a#Ja&YHTuN,false,10364833,0.5,1.0140519090519091
201,281,$bN^blFIaS,false,10267875,0.5,1.0135135135135136
201,282,BiR4a9Yaa2,false,10305208,0.8,1.021996996996997
201,283,%aHJaanqi0,false,10329416,0.1,1.002702702702703
201,284,*vbfaidsTQ,false,10368791,0.1,1.002702702702703
201,285,#1r^b9#ngL,false,10557833,0.3,1.0080409356725144
201,286,2jaDbasCaa,false,10392333,0.4,1.0109609609609609
201,287,*Bbav!Onb%,false,10250750,0.2,1.0054804804804807
201,288,upZedHaInS,false,10378500,0.3,1.0082582582582582
201,289,c*oaVr^*a%,false,10328500,0.5,1.0138138138138137
201,290,dca%aa1dz*,false,10211541,0.5,1.0137469800627694
201,291,kag3heIaoa,false,10286917,1.2,1.0326576576576576
201,292,dhazaha8aa,false,10322167,0.7,1.0195323895323896
201,293,yrajKaa$nd,false,10281792,0.5,1.0134423897581792
201,294,49hganfasU,false,10399917,0.3,1.0082625482625482
201,295,u8iefu#G6a,false,10252542,0.2,1.0055598455598456
201,296,Dca7cyhDc4,false,10352167,0.2,1.0054054054054054
201,297,bbba0en&yr,false,10201959,0.2,1.0055598455598456
201,298,ydnB@5c*ta,false,10724875,3,1.079824900088058
201,299,%Cxaf2a&*1,false,11547750,0.6,1.0162277662277663
201,300,SoTbcc6cAu,false,20288416,2.1,1.0570735397051187
201,301,m7d^faoma4,false,11965459,1.9,1.0518854568854568
201,302,addaa!Rkpa,false,10177250,0.6,1.0169047619047618
201,303,capb4ssiNa,false,10266583,0.2,1.0056349206349207
201,304,aSDaMakaaI,false,10266000,0.5,1.013822393822394
201,305,Ufcbnbaaav,false,10447458,0.7,1.0188477951635844
201,306,c*caz1lGba,false,10387042,0.4,1.0110403260403262
201,307,OnGabi!gV*,false,10264000,0.6,1.0163706563706563
201,308,&ascRaJd9a,false,10291750,0.5,1.0136679536679538
201,309,vhgxaFhbG#,false,10221584,0.4,1.0113492063492064
201,310,EaYG&aFaRY,false,10288000,1.2,1.0323613086770982
201,311,%a9aFaa%Oi,false,10287875,0.6,1.0168296868296867
201,312,ya^scba0Il,false,10374583,4.7,1.121078771078771
201,313,qcafcOa!b&,false,10182917,0.7,1.019920634920635
201,314,fcCANXn#a*,false,10391459,1.7,1.0471514371514372
201,315,afcGaaKaba,false,10230292,0.7,1.0194530244530244
201,316,^gBuaa%aeI,false,10365791,0.4,1.0111196911196911
201,317,78av9FI9dc,false,10286291,0.4,1.011040326040326
201,318,jdPd&a&!Vh,false,10457209,2.5,1.0517142857142858
201,319,*Ib^KiDhd%,false,10415084,0.1,1.002702702702703
201,320,qde0dd!da7,false,10306500,0.3,1.0081831831831831
201,321,mas^UahlCa,false,10338750,0.6,1.0165208065208065
201,322,ldckAqar*c,false,10411125,0.4,1.0106685633001422
201,323,1aGlza6aEa,false,10337208,0.3,1.0082582582582582
201,324,5bDNaamaa$,false,10326500,0.4,1.0108108108108107
201,325,*Na!o$WM!A,false,10381208,0.2,1.0054054054054054
201,326,aLh!4MbaNa,false,10330917,0.5,1.0135174648332543
201,327,YHhaP0g@67,false,10306167,0.8,1.0222308022308022
201,328,OY&abam8&n,false,10231292,0.6,1.0167546117546116
201,329,cWDK!dqypa,false,10159958,0.2,1.0057142857142858
201,330,pO1FWga*na,false,10164792,0.8,1.0224688974688974
201,331,gduaxXjfag,false,10316917,1,1.0277820677820677
201,332,^aRj^adaaa,false,10224333,0.7,1.019311115626905
201,333,cGCna$fa@m,false,10216875,0.6,1.0169090519090518
201,334,tu!^x%daYa,false,10320000,0.2,1.0054054054054054
201,335,x%!2Wp6WVh,false,10269708,0.8,1.022310167310167
201,336,o*aa1r*^b6,false,10146667,0.4,1.0112698412698413
201,337,Fu32*hRaac,false,10592416,4,1.1060695658064077
201,338,zja&alFxfd,false,10311959,0.4,1.011115401115401
201,339,bbhaVa%gvw,false,10357167,0.4,1.011036036036036
201,340,Oua*cpgaa2,false,10523000,2.6,1.0704204204204202
201,341,jca*a&*1ue,false,10310167,0.2,1.0054804804804804
201,342,ya@@#2h4y0,false,10333000,0.2,1.0055555555555555
201,343,*a*aaaaIza,false,10238292,0.8,1.021996996996997
201,344,bRpzabawba,false,10333708,0.6,1.0163746076903972
201,345,vfa2&1FXcP,false,10378000,0.3,1.0080369843527737
201,346,Jca6caBKab,false,10265541,0.6,1.016145092460882
201,347,0xubaxaaku,false,10307875,4.7,1.134131274131274
201,348,o8oaab^taU,false,10247458,0.5,1.0138931788931786
201,349,fo*pa*bugc,false,10252583,0.1,1.002702702702703
201,350,DdS&^aNfaA,false,10481041,1.5,1.0406946420104315
201,351,hmzjaaxaBa,false,10402750,0.7,1.018993993993994
201,352,rEscbbX%ac,false,10313916,0.5,1.0134423897581792
201,353,^^&iaiRaEd,false,10379875,0.2,1.0054054054054054
201,354,*esk9pBP*a,false,10313708,0.3,1.0083376233376236
201,355,Van&ad2ar1,false,10238125,0.2,1.0054054054054054
201,356,V7C8Mpgyas,false,10340875,0.3,1.0082582582582584
201,357,gBdbLhBcaa,false,10256166,0.6,1.0168296868296867
201,358,^aqaYabb$@,false,10350000,0.3,1.008108108108108
201,359,rYfBr5&!#t,false,10425167,0.7,1.019148434148434
201,360,aba^qLqa%I,false,10384292,0.7,1.0190061866377653
201,361,OsIadIfcRZ,false,10155833,0.3,1.0082625482625482
201,362,aOsbmZd9ka,false,10428959,0.6,1.0163706563706563
201,363,#dNG$cB9aa,false,10236417,0.3,1.0083376233376233
201,364,gGcEh%W6X&,false,13795834,4.4,1.1088356179819594
201,365,b3aamgaltb,false,10318541,0.3,1.008108108108108
201,366,ra^7ds%Vaa,false,10385000,0.6,1.0162912912912911
201,367,dbcu6ezvdR,false,10367833,0.2,1.0055555555555555
201,368,1!dbaD^*ac,false,10184416,0.3,1.0084920634920636
201,369,9fIaaaafaf,false,10486041,7,1.1895226545226545
201,370,QSfj8qBrda,false,10646083,3.4,1.0835292609682852
201,371,^tYCe!noWd,false,10229917,0.6,1.0165208065208065
201,372,LE*Oa!b&@t,false,10226917,0.6,1.0165958815958815
201,373,^BbPab9j*b,false,10292333,0.2,1.0054804804804804
201,374,caFjaL*biz,false,10340834,0.2,1.0054054054054054
201,375,cdw4ha@aMj,false,10397375,0.7,1.019219219219219
201,376,lad^ScaaDS,false,10296209,1,1.0277820677820677
201,377,uMa@bafLN%,false,10343042,0.4,1.011115401115401
201,378,ECifj0aaa&,false,10304500,2,1.0542875206033098
201,379,!akeaUahag,false,10294167,2.3,1.0642106392106392
201,380,5ajmad8a*6,false,10385667,0.6,1.0166795366795367
201,381,^aubaLa&@a,false,10221166,0.6,1.0164457314457314
201,382,rbJakera&a,false,10494083,4.2,1.108043758043758
201,383,d%apaaia@2,false,10583208,1.7,1.0461711711711712
201,384,6DZ&&aCXxc,false,10378166,2.8,1.0757507507507509
201,385,sf3aa&1&R@,false,10464708,2.1,1.056981981981982
201,386,facukaana9,false,10326000,0.2,1.0054054054054054
201,387,*Hw^iEseL*,false,10317042,0.5,1.013897468897469
201,388,saNdqaT9Nz,false,10322167,1.3,1.0361990561990564
201,389,C4Fc$chjEa,false,10207500,0.3,1.0084169884169882
201,390,jR2*bh@NZk,false,10329166,0.5,1.0137430287430287
201,391,0s$bLFaEva,false,10333875,0.4,1.0109609609609609
201,392,4kqa8c$ebp,false,10283250,0.2,1.0054804804804804
201,393,a3d!k&kaaa,false,10466125,0.7,1.0192231705389603
201,394,cecvaaaah%,false,10270167,0.3,1.008108108108108
201,395,rGar8a##aO,false,10512625,1,1.0268847795163585
201,396,d^^r^&zaK2,false,10243375,0.4,1.0108108108108107
201,397,&aabn&c*6a,false,10344083,0.4,1.010885885885886
201,398,Bz1UDxhdt3,false,10476000,0.5,1.0134423897581792
201,399,P@aajacaXb,false,10392750,0.4,1.010885885885886
201,400,xaR^uC*cma,false,10298583,0.3,1.0083376233376233
201,401,ucemtuyQdc,false,10479292,0.8,1.0217760617760618
201,402,dGga$8an4g,false,10566666,0.8,1.0218715708189392
201,403,abbtEaaase,false,10300500,0.4,1.0109609609609609
201,404,b@apwaqa$r,false,10368000,0.4,1.010965250965251
201,405,bb98a37GNs,false,10676167,1.8,1.049178464178464
201,406,sbE1&V@YMF,false,10861250,1.7,1.0458073458073458
201,407,LjS*aFk*^a,false,10301500,0.5,1.0135885885885885
201,408,vfYawbFVq1,false,10299084,0.4,1.011115401115401
201,409,ga6aadbaUd,false,10354834,0.6,1.0165208065208067
201,410,F%n8tEceaX,false,10252750,0.3,1.0084920634920636
201,411,7ef&5n%nef,false,10614542,2.1,1.055334281650071
201,412,*al$wadQ3m,false,10452667,1.6,1.0426110320847166
201,413,hbVfsOthYa,false,10305541,0.6,1.0167585630743523
201,414,#ymqaaavNJ,false,10340375,0.5,1.0136636636636636
201,415,bbcTnaosF7,false,10413625,0.4,1.0109609609609609
201,416,ccaUaSu&Sa,false,10208083,0.7,1.0195280995280993
201,417,daca%aIaba,false,10297958,2.1,1.057140712140712
201,418,7Q#aILde5a,false,10450417,0.5,1.0136636636636638
201,419,cej%aa&bu$,false,10374250,1.5,1.0406949806949808
201,420,7iga&H7*bu,false,10570916,0.7,1.019219219219219
201,421,b0bEm7b^aa,false,10262833,0.2,1.0055598455598456
201,422,UwlVfraa%a,false,10312709,0.6,1.0164414414414416
201,423,KPhceH!a#c,false,10268125,0.5,1.0137430287430287
201,424,rL5aEBQE6a,false,10497083,0.6,1.0160180423338316
201,425,Ndv&aafkvb,false,10409583,0.2,1.0055555555555558
201,426,tdaXdaRxKR,false,10209625,0.4,1.0112741312741311
201,427,FcikKapbog,false,10437208,0.2,1.0055555555555555
201,428,1jffA&Rzbf,false,10931917,3,1.0776160776160775
201,429,eFhakLV&a7,false,10254208,0.2,1.0054804804804804
201,430,Ae*maCaRWs,false,10333167,0.4,1.0108858858858858
201,431,qPaYdj$gaH,false,10308000,0.5,1.0137430287430287
201,432,tk*Lb7^aba,false,10323459,0.1,1.002702702702703
201,433,2ra#cambob,false,10345292,0.2,1.0054804804804804
201,434,dsxb^kAabc,false,10435584,0.3,1.0081831831831831
201,435,5Sfa*aabce,false,10246750,0.9,1.024257151888731
201,436,^ba*a*eb2a,false,10581208,0.4,1.010965250965251
201,437,bbEaMgreaa,false,10363750,0.4,1.011040326040326
201,438,bb56naPaj2,false,10343542,0.8,1.0218593781751677
201,439,67o@s*&eS&,false,10260750,0.4,1.0111196911196911
201,440,a*ayva0Iaa,false,10308459,0.9,1.0246996996996995
201,441,r!ewaacjC6,false,10413458,0.4,1.0107472857472857
201,442,Vaapba^ahA,false,10258375,0.5,1.0136636636636638
201,443,a%ac3%%aab,false,10418125,0.2,1.0054054054054054
201,444,Ka*a^a@!c*,false,10552958,2.8,1.0757507507507507
201,445,naika^7aaM,false,10312000,0.6,1.016216216216216
10000,1,b*aKY&JUeK,false,533067667,0.4,1.0114285714285713
10000,2,ESRZMPeywZ,false,501202667,0.3,1.0085714285714285
10000,3,KeY#bxKnQ8,false,519402583,0.1,1.002857142857143
10000,4,UbGKK#5b5!,false,512301209,0,1
10000,5,^PXBeZes^x,false,526727542,0.5,1.0142857142857142
10000,6,pKqYKzYbt*,false,499499666,0.3,1.0085714285714285
10000,7,aKKbtK8KeK,false,499791500,0.3,1.0085714285714285
10000,8,DKKDKCAKwT,false,497885000,0.2,1.0057142857142858
10000,9,*ea9Kbua&q,false,501336417,0.3,1.0085714285714285
10000,10,aClbbGFyKa,false,507101583,0.5,1.0142857142857142
100000,1,b$S6o!#5&b,false,5016332166,0.2,1.0057142857142858
101,1,r4ndomP@ss,true,13847180125,41929.2,148.9232694675352
101,2,r4ndomP@ss,true,13858926583,37172.1,63.170463914244195
101,1,r4ndomP@ss,true,1389114209,4209.3,15.295096562688661
101,2,r4ndomP@ss,true,1386596208,4225.5,12.911359384800637
101,3,r4ndomP@ss,true,1386518042,4183.4,12.570118980028107
101,1,r4ndomP@ss,true,1397114875,3957.4,12.280593309018649
101,2,r4ndomP@ss,true,1389694708,4199,13.195629874983862
101,1,r4ndomP@ss,true,1389583666,4335.6,16.767258569770455
101,2,r4ndomP@ss,true,1386855000,4188.9,12.285525326386825
101,1,r4ndomP@ss,true,1391982042,3973.8,12.276861635964803
101,2,r4ndomP@ss,true,1404807042,3777.2,12.570240850618582
101,1,r4ndomP@ss,true,134294250,346.4,2.5429383538577253
101,2,r4ndomP@ss,true,115516125,317.9,2.0743431347665107
101,3,r4ndomP@ss,true,136808833,319,2.0815054406655102
101,4,r4ndomP@ss,true,115005209,281.6,2.0518892822692876
101,5,r4ndom@YE4,false,104078459,175.1,1.9545087489243618
101,6,r4ndomP@ss,true,115695292,324.5,2.08347242474591
101,7,r4AtBXZzab,false,50540875,80.5,1.8427818437223906
101,8,r4ndomP@ss,true,113796625,324.4,2.124138198286118
101,9,r4ndomP@ss,true,113552542,328.9,2.0044649437815947
101,10,r4ndomP@ss,true,137949792,284.5,2.087330359508476
101,11,r4ndomP@ss,true,113917459,314,2.0090883244725637
101,12,r4ndomP@ss,true,114700791,294.2,2.053828208994662
101,13,r4ndomP@ss,true,113908583,329,2.1155329554351665
101,14,r4ndomP@ss,true,114022333,302.6,2.044747722039518
101,15,r4ndomP@ss,true,117131584,305,2.058017481216269
101,16,r4ndomP@ss,true,114677292,294.6,2.0433415618328032
101,1,aaKKKKGrGK,false,6490500,1.4,1.0341463414634147
101,2,ieabBRabse,false,5659167,0.3,1.0081831831831831
101,3,r4aKKKGeGl,false,5913125,1.1,1.0275067750677507
101,4,rdf*gkebfC,false,5516333,0.1,1.0026315789473685
101,5,r0cmfejc#d,false,5725375,1.2,1.0222407613397602
101,6,byAcDTLVbm,false,5367250,0.6,1.0162201675359568
101,7,gcEbbybpC%,false,5413958,0.7,1.0187055476529159
101,8,gRgZJbbbyl,false,5398334,0.5,1.012830907830908
101,9,r9bbbhdAdf,false,5486583,0.4,1.0106081081081082
101,10,vcLaSAbbbb,false,5501875,0.4,1.0103238866396762
101,11,s#ca6bcUbb,false,5400958,0.6,1.0160028449502134
101,12,ad&qeb7b$i,false,5365041,1.2,1.0318634423897581
101,13,mbbUmbbbbN,false,5392625,0.4,1.0108147621305517
101,14,OhbbmanbFt,false,5385875,0.6,1.0162241188556977
101,15,rbeg^PgB!f,false,6056375,4,1.0930232558139534
101,16,rbbOedulol,false,5416792,0.1,1.0027777777777778
101,17,g*ts8UObbu,false,5449334,4.9,1.1322190611664296
101,18,h*RbbbbbbU,false,5392000,1.3,1.0350007902639482
101,19,rh8^E%bafm,false,5470416,0.6,1.015277777777778
101,20,rbbJbhb**z,false,5602875,0.1,1.002857142857143
101,21,rksz%bbTon,false,5433625,0.3,1.0077777777777777
101,22,r4KKKKKKKe,false,5797541,0.4,1.0108333333333335
101,23,95fboKzaOb,false,5422834,0.9,1.0244033507191401
101,24,akyBftHb8k,false,5427750,0.9,1.0246285759443654
101,25,r&h*$keNfo,false,5610125,0,1
101,26,ibksbbbP7b,false,5348250,1,1.0275525525525524
101,27,bMbbbbgkba,false,5366417,0.8,1.0218507981665876
101,28,rdsOg6biNb,false,5474375,0.3,1.0080555555555555
101,29,r4GaaKKKKG,false,5783041,0.4,1.0106837606837606
101,30,r^jbsbeblh,false,5597375,0.7,1.0170731707317073
101,31,reyb@hB8z$,false,5397708,0.2,1.0052777777777777
101,32,rej%g9&&fA,false,5475750,0.3,1.0078947368421054
101,33,r4KGGKKKKG,false,5912167,0,1
101,34,&ba4E^Iuam,false,5326000,0.8,1.0217796744112533
101,35,*bbxbBb5Gf,false,5463250,0.9,1.0243404682878368
101,36,qJ8bObbbbb,false,5412958,1.1,1.0296625572941362
101,37,k^R8c9bbba,false,5338666,0.5,1.013442389758179
101,38,ha1%b9bbbi,false,5455584,0.4,1.010885885885886
101,39,r2cXwfccoi,false,5566000,0.6,1.0158333333333334
101,40,rckmefedaC,false,5616125,4.1,1.100385109114249
101,41,mK6fRARuWk,false,5516375,0.9,1.0228426539747293
101,42,r*i9lZbjig,false,5519875,0.1,1.002439024390244
101,43,z68Q3mo#c^,false,5705625,0.9,1.0241109530583214
101,44,d1naz6Zrab,false,5436292,0.4,1.010810810810811
101,45,rilc**cd*^,false,5602417,0.7,1.0111534069280548
101,46,om9kk7#Kcb,false,5438042,0.7,1.0190690690690691
101,47,BDvbauZHOb,false,5367708,0.9,1.0241860281333968
101,48,obb3bcid#b,false,5653500,0.6,1.0155904183535762
101,49,Xb7kbtS!bz,false,5389292,0.6,1.015803789619579
101,50,&b5bmb*bba,false,5302375,0.8,1.021554449186028
101,51,1ZBbbc4bqg,false,5510500,0.9,1.024039829302987
101,52,&6pbbQbnbG,false,5454792,0.5,1.0130265893423789
101,53,ru*bcu*wcd,false,5420458,0.5,1.0138888888888888
101,54,zM7mQ@aJaa,false,5382583,1.1,1.030184131499921
101,55,dDg7GbbpVb,false,5459375,0.3,1.0080369843527737
101,56,dO4hajbobp,false,5428083,0.3,1.008187134502924
101,57,rbbwbg&edb,false,5567041,0,1
101,58,rnz3wavj4d,false,5485709,1,1.024714897824654
101,59,ongb3aSa8b,false,5402125,0.7,1.0181511470985156
101,60,rjh7d@$oac,false,21012458,0.5,1.0075123468081215
101,61,LaM*8tJFvx,false,7419917,1.3,1.034374962006541
101,62,rckCdeGagK,false,6075583,0.6,1.012533167495854
101,63,Jl2%aa&*bb,false,5443875,0.4,1.0106086856086856
101,64,@0bakbChbr,false,5427417,0.6,1.016145092460882
101,65,si4Yabqbbk,false,5401125,0.9,1.0242571518887307
101,66,r*bcbb^ykj,false,5514500,0.4,1.0097560975609756
101,67,rbhbHRJ*kb,false,5568000,0.4,1.007695810564663
101,68,r%bhfPjjfd,false,5543958,0.4,1.011111111111111
101,69,ratb$c&8bf,false,5469834,0.2,1.0052027027027026
101,70,kxbbbfbD!F,false,5332208,0.7,1.0193693693693693
101,71,r&0bK!YBdb,false,5498125,0.4,1.0105555555555557
101,72,rbigcbdb6b,false,5456875,0.3,1.0083333333333333
101,73,*kbtbkbBab,false,5352666,0.7,1.0187803187803186
101,74,&DaePqbbbl,false,5374084,0.7,1.0189383715699505
101,75,rO*&Kcg&kg,false,5545583,0.3,1.0083333333333333
101,76,b^kabWb^bb,false,5391333,1,1.0268215584005056
101,77,%1b9ib@bv*,false,5539625,2.6,1.0635275689223058
101,78,r^c$%b@c*&,false,5545667,0.2,1.0055555555555555
101,79,rab%Fbbtm@,false,5482292,0.5,1.0133333333333332
101,80,sbb9Jb6abb,false,5437792,0.3,1.008044583044583
101,81,riTg^Co5xb,false,5560583,5,1.0462335216572505
101,82,obgbbakWba,false,5372167,3.7,1.0818389656624952
101,83,Bwbbb7b3bb,false,5389709,0.6,1.0160067962699542
101,84,c4bbbbbbbb,false,5396583,1.3,1.0350920093025358
101,85,a#aXcPnXE%,false,5382833,0.6,1.0163888888888888
101,86,rbibbbvujb,false,5432833,0.4,1.0105555555555557
101,87,ab*bwgbbbe,false,5370834,0.8,1.021921921921922
101,88,X3Bs%b*TOb,false,5385125,0.7,1.0189228702386597
101,89,rubbzq9*bF,false,5573833,0.4,1.0106081081081082
101,90,rpl!bndbvJ,false,5644791,1.9,1.042098108747045
101,91,afA7VbbMb!,false,5420791,0.9,1.0244823771139562
101,92,ai5bbbaoyB,false,5409583,0.6,1.015796768428347
101,93,@&&@bbb$bb,false,5497791,0.7,1.0185633001422476
101,94,r4KKKKeaKG,false,5798625,0,1
101,95,r*bdbdbhq@,false,5556834,0.3,1.008108108108108
101,96,r4KKKKGKKK,false,5863917,0.3,1.0079054054054055
101,97,Cza1Pbw5jb,false,5405000,3.5,1.0961234513866094
101,98,5bAW^w^a*f,false,5449500,0.7,1.0192350592350592
101,99,cObbaabbbb,false,5343667,1.1,1.0299665049665048
101,100,lbbeVhbvmi,false,5610792,3.1,1.0804540370329843
101,101,u*SbbbebbB,false,5348250,0.5,1.0132326658642445
101,102,bb5bcdbabZ,false,5382708,0.9,1.0241939307728782
101,103,cbkbjtGyhb,false,5429000,0.7,1.0189979453137348
101,104,r5bkbggb%%,false,5520208,0.2,1.0055555555555555
101,105,B9b2bbbSdj,false,5404375,3.8,1.1011695906432748
101,106,bbobbmbDgr,false,5319291,0.3,1.0083333333333333
101,107,9w@kSwaqbb,false,5374541,0.8,1.0211237553342816
101,108,fxWb11#K8#,false,5439959,0.9,1.0242650545282124
101,109,Dqbb%QbbiE,false,5378458,0.9,1.0238264580369842
101,110,rbgbfcN@ne,false,5792750,1.1,1.0204887218045111
101,111,bxoecKJbst,false,5841541,1.2,1.0321996996996998
101,112,jFFQO%bbIb,false,5694208,0.6,1.0157219973009448
101,113,eJLm*m8rPj,false,5696250,0.3,1.0081871345029239
101,114,rfpfpfbf%6,false,5448125,0.2,1.0055555555555555
101,115,dabbzMbUfb,false,5363250,0.9,1.024557452189031
101,116,uD@$l%@Qbb,false,5455209,0.2,1.0054054054054054
101,117,lRb*bbbbbb,false,5456583,0.7,1.018705547652916
101,118,qJabbosbdm,false,5579500,0.3,1.0081831831831831
101,119,EhFbjbb@Ex,false,5405459,0.6,1.0156691408007197
101,120,pbJva&aWbb,false,5345208,0.4,1.011111111111111
101,121,k&bObAbgbb,false,5515208,8.2,1.2171052631578947
101,122,gjbbUkhtes,false,5431792,0.4,1.0108108108108107
101,123,9l!bbbbbDM,false,5506334,1.3,1.0352971392445078
101,124,rb*b^*&dic,false,5494667,0.3,1.0083333333333333
101,125,aKSbqbbbQ1,false,5430875,0.7,1.0188477951635844
101,126,fvvbbc$!bb,false,5425541,1.1,1.029302987197724
101,127,r4GKKKKKKK,false,5783292,0.3,1.008108108108108
101,128,r&b%dfEbib,false,5432542,0.2,1.0055555555555555
101,129,kdtbbe4bb2,false,5419209,0.5,1.0137387387387387
101,130,WabEbbbabx,false,5456500,0.8,1.021269954164691
101,131,rr&bfdj^d%,false,5649917,8.2,1.1120910384068279
101,132,@bbbcbBAk9,false,5375375,0.7,1.0194444444444444
101,133,aqf^0bbf^b,false,5376792,1.9,1.0513513513513515
101,134,#YhabbXabb,false,5433625,1.1,1.0296625572941362
101,135,a&gbdbbEVo,false,5392750,0.9,1.0241188556978031
101,136,ab$bCb&bed,false,5504833,0.3,1.0084920634920636
101,137,rNahb0AUk^,false,5707584,10.3,1.1583167495854063
101,138,jaaahY&LLa,false,5515375,0.7,1.0187845740477317
101,139,maabIabW*8,false,5520167,0.7,1.018634423897582
101,140,jxbKl#bbb4,false,5307500,0.9,1.0245693408851304
101,141,VbbbDbcbbb,false,5342666,0.8,1.0215504978662873
101,142,lbb*bbfEgb,false,5339542,1.2,1.0318972109761584
101,143,&bbbfbbFbi,false,5360542,1,1.026967757230915
101,144,rbbbFuk$d%,false,5533041,0.8,1.019066339066339
101,145,r3S&bbr#he,false,5460333,0.2,1.0052668052668055
101,146,gnbbbapWbP,false,5418750,0.7,1.0183642448116133
101,147,Kd2db5bbbn,false,5388709,1,1.026768701900281
101,148,rbnlJkJ9bJ,false,5409917,0.4,1.010619658119658
101,149,rK*paclghm,false,5467291,0.2,1.005277777777778
101,150,naKbbeazAa,false,5413333,1.4,1.0369314962736014
101,151,r%Ab*irjmz,false,5482166,0.3,1.0080555555555555
101,152,rkb^$b9ceb,false,5553125,0.5,1.0128726287262872
101,153,r%bze8bheb,false,5468625,0.3,1.0074999999999998
101,154,cK^bbLde93,false,5454083,0.4,1.0109609609609609
101,155,Gbbbb9ovrG,false,5368750,0.7,1.0189414414414413
101,156,rqsg!gmbmb,false,5432417,0.2,1.0055555555555555
101,157,r^B8cdnnbT,false,5522333,0.1,1.0025
101,158,^GboKslbva,false,5468625,0.9,1.0232152496626181
101,159,rabtby!bzz,false,5497959,0.4,1.0105555555555557
101,160,$babbxbqA*,false,5308583,0.9,1.0245577908735803
101,161,r*bib%bdbb,false,5498750,1.2,1.0299457994579946
101,162,azCaf^co&a,false,5392292,0.7,1.01922317053896
101,163,azv#b4bard,false,5352041,0.8,1.020729869545659
101,164,YibbbHOuaH,false,5381584,0.8,1.021779674411253
101,165,QlNabqlGbM,false,5421750,0.7,1.018518042333832
101,166,pbbhPbadby,false,5367042,5,1.13859649122807
101,167,aRbKbb8b%4,false,5439042,0.9,1.0244313833787517
101,168,*bb6bbbaba,false,5383708,1,1.0268215584005058
101,169,rufmkdcabJ,false,5430958,0.1,1.0025641025641026
101,170,rnb@hrbbqG,false,5858292,8.5,1.1225
101,171,nbzAIzFAR%,false,5375125,0.8,1.0213663663663661
101,172,awKa23btbb,false,5401667,1.5,1.040259996838944
101,173,r4KKeKKGGB,false,5881291,0.3,1.0059649122807017
101,174,rhGbbbajV#,false,5468166,0.5,1.0130555555555556
101,175,rbbbkrxdub,false,5501333,0.3,1.0075
101,176,r9apbcKsbi,false,5472125,0.4,1.0101558265582655
101,177,abj#bbdbbb,false,5392250,1.5,1.033137169427492
101,178,jabpbb0abW,false,5440500,1.1,1.0291264543896124
101,179,Xbbbbbwbbj,false,5413834,5.1,1.131601135548504
101,180,KYbabbz5a!,false,5920000,1.1,1.0289048765364555
101,181,r4GKKeKKGK,false,6230958,0.3,1.008108108108108
101,182,bbqHMjb!ab,false,5490792,3.7,1.091353947932895
101,183,rq9Mbgbb&d,false,5622500,0.4,1.0103947368421053
101,184,a8b8bb$bb6,false,5359250,0.8,1.0214118977276871
101,185,r2w6mXc&^*,false,5583708,0.2,1.0055555555555555
101,186,mePbicUbbb,false,5371625,0.9,1.024332226963806
101,187,NbbO0baabE,false,5436917,0.7,1.0182967684283475
101,188,kkbtbbbkbj,false,5560875,1.1,1.0291607396870557
101,189,r&bccbgN*j,false,5510625,0.3,1.0083333333333333
101,190,axbb3e@vjk,false,5413333,0.7,1.0192942942942942
101,191,xhd&8bbbbb,false,5441750,0.8,1.021411897727687
101,192,7*bbbbbEbR,false,5381166,0.8,1.0215584005057687
101,193,*Babba2vba,false,5422791,0.5,1.0133001422475107
101,194,c2baI*bIbf,false,5359125,0.9,1.0245574521890313
101,195,0FbbbbXbou,false,5449084,1.4,1.0372797899113688
101,196,bbGbUanbaX,false,5311167,0.8,1.0225396825396824
101,197,bbkxpbbzbb,false,5430542,0.7,1.0189268215584004
101,198,r$oz8bbh%f,false,5598208,0.2,1.0055555555555555
101,199,aabbbobwVF,false,5387417,1.1,1.029666508613877
101,1,r4Xab78aab,false,25748500,43.8,1.5151348153598456
101,2,r4cIGF0Q^R,false,19182708,29.5,1.3699954068982485
101,3,r4ndomP@ss,true,44748959,107.9,1.461776173117535
101,4,r4ndomP@ss,true,44255084,113,1.4199073901840866
101,5,r4nIJ4i4Z4,false,25392458,33.9,1.377391302581684
101,6,r4ndomP@ss,true,43929792,119.6,1.483444353483201
101,7,r4ndomKvua,false,64076125,83.2,1.4055349302312599
101,8,r4ndomP@ss,true,44138500,119.4,1.5060213557141426
101,9,r4ndomP@s2,false,44501792,111.5,1.4791516919716348
101,10,r4ndomP@ss,true,44647041,114.4,1.502310268837157
101,11,r4ndomP@ss,true,44156875,110.2,1.4861245945141606
101,12,r4ndomP@ss,true,44604625,116.2,1.4742701395654605
101,13,r4ndomP@ss,true,44159250,119.8,1.4836287444813119
101,14,r4ndomP@ss,true,44208792,111.1,1.4997508595599573
101,15,r4ndomP@ss,true,44184625,121.1,1.4945391960485388
101,16,r4nxar%1ax,false,25606791,54,1.412039650041562
101,17,r4ndomP@ss,true,43911833,119,1.489940199739198
101,18,r4ndomP@ss,true,43979083,120.4,1.5187303319780465
101,19,r4nLJYq9z7,false,27960084,37.2,1.3870044072254823
101,20,r4ndouaaaa,false,35068250,69.1,1.4480789799891627
101,21,r4ndomP@ss,true,44076375,118.9,1.5025286019376378
101,22,r4ndomP@ss,true,44689791,101.5,1.4512233481746297
101,1,r4ndomP@ss,true,24060375,54.3,1.3582156383222401
101,2,r4ndomP@ss,true,17890250,17.9,1.1054774825897797
101,3,rgo&@mgRmL,false,6800167,4.9,1.072561913857344
101,4,r4ndomP@ss,true,17731292,20.9,1.1276292441335518
101,5,r8bWJod$CX,false,6915292,5.1,1.0614358342541388
101,6,r4ndomP@ss,true,17796042,21.6,1.1150178485164066
101,7,r823MVsjhf,false,6801583,4.1,1.0719487421205103
101,8,r4ndomP@sT,false,17905709,13.2,1.0771932351271425
101,9,r4fl&aN$cu,false,8963666,9,1.0927712496290793
101,10,ry7TG5jVKB,false,7004000,9.3,1.1429822026490124
101,11,kW4r*AgqN@,false,5475334,2.9,1.0579579579579579
101,12,laagp1z^ak,false,5730709,4.8,1.1019085918092872
101,13,fbCaoelkZN,false,5539375,5.1,1.1180232724771428
101,14,riXAa60qo9,false,6754458,10,1.1605136417198483
101,15,rh$ilVHbcW,false,6953292,15.6,1.1940114433957139
101,16,rBewn74&hV,false,6803833,8.7,1.120186559439819
101,17,rHqlb3ID3Q,false,7001625,4.4,1.0663800974586084
101,18,rF8aDgycpt,false,6864584,4.3,1.0586393620256707
101,19,r4ndv@b2Oa,false,41838875,13.7,1.1203347881161894
101,20,r2iV2xeh$Y,false,6916375,4.4,1.0672066764153056
101,21,rdFVohIckP,false,6814708,9.1,1.1259646804538528
101,22,rWdgkf*F&*,false,6929583,8.1,1.1095492185391338
101,23,r&3ivX1d9Z,false,6788500,5,1.0632216336035727
101,24,r$He!s@7rF,false,7024208,17.5,1.1576785952081592
101,25,rd@d%PFi9G,false,6736667,9.1,1.1659149037631416
101,26,r4ndomP@ss,true,17712583,20,1.139226485809815
101,27,r^kq2meOj^,false,6887708,17.9,1.2225105021826703
101,28,ry0@IYOvBI,false,6921416,3.3,1.0479164737350737
101,29,rgLnUyyE3b,false,6884750,7.4,1.1124902076661283
101,30,rFj^kaPc*@,false,6698666,5.2,1.0718699936308582
101,31,reZCbzBwgP,false,6855333,13.3,1.2244762745644615
101,32,rQP5b*qwVL,false,6834459,7.9,1.1170124502082497
101,33,rUt*!q43a2,false,6887041,7.3,1.107118091235502
101,34,riStaeaT7v,false,7033500,10.6,1.1710578580361826
101,35,riWSrujdm%,false,6810709,5.7,1.1033362700197937
101,36,r#M%KL4j@7,false,7056375,4.2,1.0574379634674564
101,37,r4ndom5xuc,false,16268417,28.4,1.137928061003004
101,38,rNUMsm2O5X,false,6929958,9,1.08505674950307
101,39,rht1L$waPn,false,7194625,15.5,1.163022365797595
101,40,rr$!7anJ5%,false,6909667,10.3,1.1724554607907054
101,41,r4ndomP@ss,true,17878084,23.1,1.1249706860830315
101,42,r4ndomP@ss,true,17719541,22.4,1.1494509522868883
101,43,riY%V6hZC6,false,6869833,8.8,1.1681364726209693
101,44,rje$P8lhn0,false,6995708,12,1.178065290517405
101,45,ryb%AbKYQx,false,6778709,17.1,1.2331768653220636
101,46,r7KXY%NaUj,false,6953458,10.9,1.1164659470863076
101,47,r4ndoYNph*,false,14650792,16.5,1.1601875539222681
101,48,r4ndomP@ss,true,17759084,22.6,1.1466639646267036
101,49,r@8KPPdQBL,false,6849083,3.8,1.048183174310826
101,50,rPtx1&ae%Z,false,6771584,4.6,1.066283749967722
101,51,rKJ*qPGo6O,false,7010125,1.5,1.0179163698826426
101,52,rdaLmlV@vJ,false,6736417,5.5,1.0825222201377411
101,53,r4ndomP@ss,true,17716000,21.5,1.1486473102369286
101,54,r7^0vAMb&y,false,6785041,3.1,1.0469946303467013
101,55,rHoZflf9%e,false,6932917,8.9,1.1543169302404
101,56,rFM8E%%8nD,false,6787417,9.2,1.1431624237958953
101,57,rfhxVmbZ^S,false,6982542,23.5,1.3278671403170084
101,58,r4ndomP@ss,true,17718208,22.9,1.1296734827029837
101,59,rU#%Oz!Fz*,false,6947083,1.7,1.0185973394273864
101,60,r4ndomP@ss,true,17776375,19.2,1.1225072250082866
101,61,rYg&RrYvVu,false,6755500,32.7,1.3934413815776432
101,62,rgqHupRxpe,false,6836042,11,1.1505588041999593
101,63,rydw*dR0jj,false,6798416,20,1.3448339748174905
101,64,riy20LlixJ,false,6897583,4.5,1.0667412748713914
101,65,rpAbh%@1L6,false,7156875,18.5,1.1316577898992757
101,66,rhZrw&QjlR,false,6906625,7.9,1.0973573892315174
101,67,r9wJaisfIh,false,6872625,9.7,1.1640550676572707
101,68,rtWQkxImrT,false,6851250,7.6,1.1284387614437237
101,69,r3Lpadl4&a,false,7127041,8.8,1.0780746974395232
101,70,r4ndomP@ss,true,17765417,11.7,1.050220144775107
101,71,ro**MVxJIe,false,7079250,5.2,1.0670660531243497
101,72,rA$ob%XBfY,false,7070875,4.3,1.0488669924756875
101,73,rJAMT*PrZR,false,6850125,8.8,1.113679099435782
101,74,r&MNIy8p06,false,7000000,7.8,1.063272329983549
101,75,r4ndomP&cJ,false,16910583,96.3,1.3877950701205586
101,76,rPad!T1#oE,false,6902833,8.3,1.1115582424551544
101,77,ryOxeTGKK8,false,6886750,4,1.0579188005130336
101,78,r77yFchNwV,false,6831583,6.7,1.0872913792153938
101,79,rBoSccPd09,false,7053209,11.6,1.1884711379113573
101,1,r4ndomP@ss,true,47642125,127.4,1.4988648080734228
101,2,r4ndomP@s5,false,44591875,110,1.5078459069012058
101,3,r4ndOgbaaC,false,31854833,58.4,1.3586196867690226
101,4,r4ndomP@ss,true,44146375,119.4,1.515585404365657
101,5,r4ndomP@ss,true,44437291,105.2,1.4064682778841597
101,6,r4ndomP@ss,true,44664000,103.8,1.4978456166877039
101,7,r4UeZ&anjT,false,19985125,32.5,1.3628195869476152
101,8,r4ndomP@ss,true,44843708,106.7,1.5183977920383889
101,9,r4ndomP@s$,false,61498125,94.1,1.4633537113575006
101,10,r4R%CZal*a,false,29468209,56.3,1.3903781539878561
101,11,r4ndomP@ss,true,44893167,111.2,1.4953510917080641
101,12,r4ndomP@ss,true,44208584,117.2,1.486336773090302
101,13,r4ndomP@ss,true,44396333,110,1.4810009467827392
101,14,r4ndomP@*Z,false,43738750,96.9,1.485006547307164
101,15,r4ndomP@La,false,43412250,110.1,1.4977904547019338
101,16,r4VIjQdjR8,false,19761875,22.3,1.341654601183596
101,17,r4ndomP@ss,true,44301708,119.5,1.4869043038800944
101,18,r4ndomP@ss,true,44303208,120.2,1.510029499923561
101,19,r4ndomP@ss,true,44511875,119.1,1.5050388393386958
101,20,r4ndomP@&a,false,43710292,93.8,1.4766099560038555
101,21,r4ndomP@#a,false,43717166,83.9,1.389164101463997
101,22,r4ValdabwS,false,19494416,22.5,1.3109167075466848
101,23,r4ndomzc^h,false,40147084,71.7,1.4410132768357116
101,24,r4haWME5b5,false,19999083,28.2,1.315379787219284
101,25,r#^aaaaaUb,false,13281416,12.1,1.2300874015748033
101,26,r4ndomP@ss,true,44202042,120.3,1.5089939980366476
101,27,r4nHy2*agb,false,52139458,45.7,1.4237389230669906
101,28,r4*lu6FRP8,false,19237000,22.6,1.342541105067064
101,29,r4nGWP^3JD,false,26935375,40,1.4198599992660588
101,30,r4nd&caaay,false,31167583,46.4,1.3969666361969981
101,31,r4ndopacTu,false,35270333,59.8,1.4519345886382067
101,32,r4ndomSWbu,false,38734500,73.2,1.4648613450163945
101,33,r4ndomP@ss,true,44283375,119.4,1.4952724353784812
