iters,samples,run,position,chosen_char,correct_char,chosen_score_ns,second_char,second_score_ns,gap_ns,gap_ratio,was_correct,partial_guess
50000,101,1,0,r,r,128019,s,31,127988,4129.645161290323,true,r
50000,101,1,1,4,4,252839,f,128352,124487,1.9698874968835702,true,r4
50000,101,1,2,n,n,379860,g,256570,123290,1.4805316287952606,true,r4n
50000,101,1,3,d,d,506850,@,383057,123793,1.3231712251701444,true,r4nd
50000,101,1,4,o,o,631685,z,509996,121689,1.2386077537863043,true,r4ndo
50000,101,1,5,m,m,760388,j,637652,122736,1.192481165275103,true,r4ndom
50000,101,1,6,P,P,884536,b,763883,120653,1.1579469630820427,true,r4ndomP
50000,101,1,7,@,@,1008160,E,889862,118298,1.1329397142478272,true,r4ndomP@
50000,101,1,8,s,s,1136160,p,1019385,116775,1.1145543636604422,true,r4ndomP@s
50000,101,1,9,s,s,1282552,D,1161080,121472,1.1046198367037585,true,r4ndomP@ss
50000,101,2,0,r,r,127291,m,49,127242,2597.7755102040815,true,r
50000,101,2,1,4,4,252239,@,127424,124815,1.979525050226017,true,r4
50000,101,2,2,n,n,384431,i,256447,127984,1.499066083830187,true,r4n
50000,101,2,3,d,d,506352,#,382616,123736,1.323394735191419,true,r4nd
50000,101,2,4,o,o,632045,r,509900,122145,1.2395469699941164,true,r4ndo
50000,101,2,5,m,m,758759,e,639716,119043,1.186087263723277,true,r4ndom
50000,101,2,6,P,P,893537,*,782208,111329,1.1423265934380624,true,r4ndomP
50000,101,2,7,@,@,1044321,c,996055,48266,1.048457163510047,true,r4ndomP@
50000,101,2,8,s,s,1141534,L,1047116,94418,1.0901695705155876,true,r4ndomP@s
50000,101,2,9,s,s,1264850,6,1161434,103416,1.089041650235829,true,r4ndomP@ss
50000,101,3,0,r,r,127468,a,31,127437,4111.870967741936,true,r
50000,101,3,1,4,4,257213,E,130645,126568,1.9687932948065368,true,r4
50000,101,3,2,n,n,383016,i,258221,124795,1.4832875714988325,true,r4n
50000,101,3,3,d,d,504290,X,382468,121822,1.3185155359402616,true,r4nd
50000,101,3,4,o,o,632926,a,511498,121428,1.2373968226659733,true,r4ndo
50000,101,3,5,m,m,759270,&,640393,118877,1.1856313232655573,true,r4ndom
50000,101,3,6,P,P,888890,!,775060,113830,1.1468660490800713,true,r4ndomP
50000,101,3,7,@,@,1019667,y,902740,116927,1.129524558566143,true,r4ndomP@
50000,101,3,8,s,s,1138998,4,1033222,105776,1.1023749010377246,true,r4ndomP@s
50000,101,3,9,s,s,1266913,a,1157140,109773,1.0948657897920735,true,r4ndomP@ss
50000,101,4,0,r,r,127940,b,39,127901,3280.5128205128203,true,r
50000,101,4,1,4,4,253011,%,128311,124700,1.971857440125944,true,r4
50000,101,4,2,n,n,381426,i,256960,124466,1.484378891656289,true,r4n
50000,101,4,3,d,d,510055,3,383752,126303,1.3291266234443078,true,r4nd
50000,101,4,4,o,o,630906,y,517568,113338,1.218981853592185,true,r4ndo
50000,101,4,5,m,m,759481,$,637465,122016,1.1914081557418839,true,r4ndom
50000,101,4,6,P,P,888019,r,771900,116119,1.1504326985360798,true,r4ndomP
50000,101,4,7,@,@,1012998,M,935698,77300,1.0826121248522493,true,r4ndomP@
50000,101,4,8,s,s,1139585,$,1064009,75576,1.0710294743747468,true,r4ndomP@s
50000,101,4,9,s,s,1294573,r,1163785,130788,1.1123815825087968,true,r4ndomP@ss
50000,101,5,0,r,r,126814,n,29,126785,4372.896551724138,true,r
50000,101,5,1,4,4,254229,p,128970,125259,1.9712258664805768,true,r4
50000,101,5,2,n,n,383977,2,260862,123115,1.4719545200144137,true,r4n
50000,101,5,3,d,d,504250,I,388893,115357,1.2966291499204152,true,r4nd
50000,101,5,4,o,o,639631,h,516190,123441,1.2391386892423333,true,r4ndo
50000,101,5,5,m,m,761673,&,646149,115524,1.1787884837707712,true,r4ndom
50000,101,5,6,P,P,888860,a,774936,113924,1.147010849928252,true,r4ndomP
50000,101,5,7,@,@,1015875,y,893222,122653,1.1373152474972628,true,r4ndomP@
50000,101,5,8,s,s,1141832,%,1021449,120383,1.1178551254149742,true,r4ndomP@s
50000,101,5,9,s,s,1273214,b,1148409,124805,1.1086764384465813,true,r4ndomP@ss
50000,101,6,0,r,r,127093,e,40,127053,3177.325,true,r
50000,101,6,1,4,4,252121,T,128378,123743,1.9638956830609606,true,r4
50000,101,6,2,n,n,381155,z,258757,122398,1.4730229520360802,true,r4n
50000,101,6,3,d,d,505065,V,383690,121375,1.3163361046678308,true,r4nd
50000,101,6,4,o,o,632493,a,510859,121634,1.238097009155168,true,r4ndo
50000,101,6,5,m,m,760411,i,638478,121933,1.190974473670197,true,r4ndom
50000,101,6,6,P,P,885560,1,774680,110880,1.1431300666081479,true,r4ndomP
50000,101,6,7,@,@,1008868,a,893701,115167,1.1288652468778708,true,r4ndomP@
50000,101,6,8,s,s,1140272,3,1059622,80650,1.0761120475037325,true,r4ndomP@s
50000,101,6,9,s,s,1279722,y,1161259,118463,1.102012557060914,true,r4ndomP@ss
50000,101,7,0,r,r,127750,e,39,127711,3275.641025641026,true,r
50000,101,7,1,4,4,251018,m,128113,122905,1.9593483877514382,true,r4
50000,101,7,2,n,n,379396,j,257965,121431,1.4707266489640067,true,r4n
50000,101,7,3,d,d,503263,@,383403,119860,1.3126214453199374,true,r4nd
50000,101,7,4,o,o,635863,t,510047,125816,1.2466753063933325,true,r4ndo
50000,101,7,5,m,m,760893,r,637819,123074,1.1929606988816577,true,r4ndom
50000,101,7,6,P,P,883027,@,765193,117834,1.1539925221480072,true,r4ndomP
50000,101,7,7,@,@,1009278,V,895878,113400,1.1265797351871571,true,r4ndomP@
50000,101,7,8,s,s,1140988,l,1031293,109695,1.1063664739312689,true,r4ndomP@s
50000,101,7,9,s,s,1281283,x,1156818,124465,1.10759255129156,true,r4ndomP@ss
50000,101,8,0,r,r,126498,4,29,126469,4362,true,r
50000,101,8,1,4,4,257978,0,128918,129060,2.0011014753564282,true,r4
50000,101,8,2,n,n,380440,h,256852,123588,1.4811642502297042,true,r4n
50000,101,8,3,d,d,504327,w,382495,121832,1.3185191963293639,true,r4nd
50000,101,8,4,o,o,631062,H,512760,118302,1.2307161245026914,true,r4ndo
50000,101,8,5,m,m,760227,4,649985,110242,1.16960699093056,true,r4ndom
50000,101,8,6,P,P,897057,A,780152,116905,1.149849003783878,true,r4ndomP
50000,101,8,7,@,@,1018595,h,897465,121130,1.1349690517178943,true,r4ndomP@
50000,101,8,8,s,s,1146395,5,1020032,126363,1.123881407642113,true,r4ndomP@s
50000,101,8,9,s,s,1266418,e,1154770,111648,1.0966841881933198,true,r4ndomP@ss
50000,101,9,0,r,r,127309,i,37,127272,3440.7837837837837,true,r
50000,101,9,1,4,4,251388,r,128259,123129,1.960002806820574,true,r4
50000,101,9,2,n,n,377206,j,256754,120452,1.4691338791216495,true,r4n
50000,101,9,3,d,d,505524,M,382880,122644,1.3203196824070205,true,r4nd
50000,101,9,4,o,o,629465,b,510509,118956,1.2330145012134948,true,r4ndo
50000,101,9,5,m,m,761867,G,641562,120305,1.1875188991866725,true,r4ndom
50000,101,9,6,P,P,885442,o,765096,120346,1.1572952936624947,true,r4ndomP
50000,101,9,7,@,@,1025729,!,902759,122970,1.1362157563646555,true,r4ndomP@
50000,101,9,8,s,s,1140183,m,1031506,108677,1.1053576033488899,true,r4ndomP@s
50000,101,9,9,s,s,1260198,0,1156752,103446,1.0894279845636747,true,r4ndomP@ss
50000,101,10,0,r,r,127481,h,27,127454,4721.518518518518,true,r
50000,101,10,1,4,4,252842,e,129713,123129,1.9492417876388644,true,r4
50000,101,10,2,n,n,387091,o,257395,129696,1.5038792517337167,true,r4n
50000,101,10,3,d,d,506900,y,383144,123756,1.3230012736725618,true,r4nd
50000,101,10,4,o,o,637336,R,510834,126502,1.2476381760023805,true,r4ndo
50000,101,10,5,m,m,756880,a,638514,118366,1.185377297913593,true,r4ndom
50000,101,10,6,P,P,904016,L,773721,130295,1.1684004957859486,true,r4ndomP
50000,101,10,7,@,@,1015616,t,898754,116862,1.1300266813833373,true,r4ndomP@
50000,101,10,8,s,s,1139624,w,1029652,109972,1.1068050176176027,true,r4ndomP@s
50000,101,10,9,s,s,1262722,f,1156739,105983,1.091622224200965,true,r4ndomP@ss
50000,101,11,0,r,r,127603,d,37,127566,3448.7297297297296,true,r
50000,101,11,1,4,4,253232,h,128529,124703,1.9702323989138637,true,r4
50000,101,11,2,n,n,382500,h,258111,124389,1.4819205690574986,true,r4n
50000,101,11,3,d,d,503826,j,383047,120779,1.3153111759131386,true,r4nd
50000,101,11,4,o,o,633922,!,529196,104726,1.197896431567888,true,r4ndo
50000,101,11,5,m,m,767500,P,650750,116750,1.1794083749519786,true,r4ndom
50000,101,11,6,P,P,886744,a,765644,121100,1.1581675034350167,true,r4ndomP
50000,101,11,7,@,@,1016824,1,900678,116146,1.128953965790216,true,r4ndomP@
50000,101,11,8,s,s,1142816,p,1034790,108026,1.104394128277235,true,r4ndomP@s
50000,101,11,9,s,s,1265903,!,1167821,98082,1.083987186392435,true,r4ndomP@ss
50000,101,12,0,r,r,128359,o,39,128320,3291.25641025641,true,r
50000,101,12,1,4,4,253944,b,128306,125638,1.9792059607500818,true,r4
50000,101,12,2,n,n,387091,e,259203,127888,1.4933893512034968,true,r4n
50000,101,12,3,d,d,507219,7,383122,124097,1.3239098772714697,true,r4nd
50000,101,12,4,o,o,638408,V,511593,126815,1.2478825941715388,true,r4ndo
50000,101,12,5,m,m,763016,S,638234,124782,1.195511364170508,true,r4ndom
50000,101,12,6,P,P,887901,E,766731,121170,1.158034564925639,true,r4ndomP
50000,101,12,7,@,@,1015975,9,901500,114475,1.1269828064337215,true,r4ndomP@
50000,101,12,8,s,s,1140504,7,1031508,108996,1.1056666550332135,true,r4ndomP@s
50000,101,12,9,s,s,1267867,e,1170593,97274,1.0830980537214898,true,r4ndomP@ss
50000,101,13,0,r,r,127526,i,29,127497,4397.448275862069,true,r
50000,101,13,1,4,4,252860,a,127467,125393,1.983729122047275,true,r4
50000,101,13,2,n,n,381106,a,255029,126077,1.4943633861247152,true,r4n
50000,101,13,3,d,d,507498,T,382578,124920,1.3265216504869595,true,r4nd
50000,101,13,4,o,o,632886,K,521863,111023,1.2127435744630295,true,r4ndo
50000,101,13,5,m,m,762542,o,646195,116347,1.1800493659034812,true,r4ndom
50000,101,13,6,P,P,888780,H,767239,121541,1.1584134800238257,true,r4ndomP
50000,101,13,7,@,@,1027113,I,905388,121725,1.1344451218704026,true,r4ndomP@
50000,101,13,8,s,s,1155821,6,1035924,119897,1.1157391855000947,true,r4ndomP@s
50000,101,13,9,s,s,1271165,&,1148144,123021,1.1071477096949511,true,r4ndomP@ss
50000,101,14,0,r,r,127603,x,31,127572,4116.225806451613,true,r
50000,101,14,1,4,4,253711,a,129878,123833,1.9534563205469748,true,r4
50000,101,14,2,n,n,379340,P,255354,123986,1.4855455563648896,true,r4n
50000,101,14,3,d,d,507313,5,389421,117892,1.3027366269410228,true,r4nd
50000,101,14,4,o,o,635170,x,510132,125038,1.2451091090149216,true,r4ndo
50000,101,14,5,m,m,763921,&,642463,121458,1.189050575675175,true,r4ndom
50000,101,14,6,P,P,888460,c,774452,114008,1.1472111893312948,true,r4ndomP
50000,101,14,7,@,@,1010411,j,898262,112149,1.1248511013490496,true,r4ndomP@
50000,101,14,8,s,s,1143626,L,1020842,122784,1.1202771829528957,true,r4ndomP@s
50000,101,14,9,s,s,1275247,g,1158831,116416,1.100459859979583,true,r4ndomP@ss
50000,101,15,0,r,r,127185,w,54,127131,2355.277777777778,true,r
50000,101,15,1,4,4,253132,d,127322,125810,1.9881245974772623,true,r4
50000,101,15,2,n,n,380680,S,254965,125715,1.4930676759555233,true,r4n
50000,101,15,3,d,d,505924,9,387308,118616,1.306257552129055,true,r4nd
50000,101,15,4,o,o,634439,J,519413,115026,1.2214538334620042,true,r4ndo
50000,101,15,5,m,m,764496,H,637737,126759,1.1987637537103852,true,r4ndom
50000,101,15,6,P,P,900296,S,773195,127101,1.1643841463020326,true,r4ndomP
50000,101,15,7,@,@,1022898,$,901316,121582,1.1348938663021626,true,r4ndomP@
50000,101,15,8,s,s,1152463,i,1023036,129427,1.1265126544911421,true,r4ndomP@s
50000,101,15,9,s,s,1272742,M,1157024,115718,1.1000134828663883,true,r4ndomP@ss
50000,101,16,0,r,r,127701,o,36,127665,3547.25,true,r
50000,101,16,1,4,4,253496,b,127624,125872,1.9862721745126308,true,r4
50000,101,16,2,n,n,380745,%,255090,125655,1.4925908502881335,true,r4n
50000,101,16,3,d,d,505577,a,381804,123773,1.3241794219023373,true,r4nd
50000,101,16,4,o,o,634350,a,510032,124318,1.2437454904790288,true,r4ndo
50000,101,16,5,m,m,762785,y,638083,124702,1.1954322556783366,true,r4ndom
50000,101,16,6,P,P,889916,S,773477,116439,1.150539705770178,true,r4ndomP
50000,101,16,7,@,@,1015650,A,905891,109759,1.121161375927126,true,r4ndomP@
50000,101,16,8,s,s,1144034,D,1032475,111559,1.1080500738516672,true,r4ndomP@s
50000,101,16,9,s,s,1273667,!,1162237,111430,1.0958754539736733,true,r4ndomP@ss
50000,101,17,0,r,r,129314,v,40,129274,3232.85,true,r
50000,101,17,1,4,4,251898,b,128444,123454,1.9611503846034068,true,r4
50000,101,17,2,n,n,384149,c,257908,126241,1.489480745071886,true,r4n
50000,101,17,3,d,d,507219,*,384629,122590,1.3187227172158105,true,r4nd
50000,101,17,4,o,o,634188,a,516542,117646,1.2277568910175745,true,r4ndo
50000,101,17,5,m,m,762911,&,638211,124700,1.1953899259022487,true,r4ndom
50000,101,17,6,P,P,890480,g,765347,125133,1.1634983870061555,true,r4ndomP
50000,101,17,7,@,@,1016049,$,892542,123507,1.1383766814334788,true,r4ndomP@
50000,101,17,8,s,s,1147832,^,1039532,108300,1.1041814970582917,true,r4ndomP@s
50000,101,17,9,s,s,1267827,a,1155290,112537,1.0974101740688484,true,r4ndomP@ss
50000,101,18,0,r,r,127593,j,29,127564,4399.758620689655,true,r
50000,101,18,1,4,4,253983,q,127462,126521,1.992617407541071,true,r4
50000,101,18,2,n,n,381218,2,257391,123827,1.4810851972291184,true,r4n
50000,101,18,3,d,d,507847,Q,388283,119564,1.307930040717724,true,r4nd
50000,101,18,4,o,o,635767,b,515859,119908,1.2324433614611745,true,r4ndo
50000,101,18,5,m,m,762409,X,637780,124629,1.1954106431684908,true,r4ndom
50000,101,18,6,P,P,888260,a,768475,119785,1.1558736458570547,true,r4ndomP
50000,101,18,7,@,@,1016040,z,906244,109796,1.1211550090262667,true,r4ndomP@
50000,101,18,8,s,s,1141063,Z,1042619,98444,1.0944199175345932,true,r4ndomP@s
50000,101,18,9,s,s,1282754,a,1166042,116712,1.1000924495001039,true,r4ndomP@ss
50000,101,19,0,r,r,127449,Z,29,127420,4394.793103448276,true,r
50000,101,19,1,4,4,254136,a,127473,126663,1.9936457132098562,true,r4
50000,101,19,2,n,n,380195,e,256086,124109,1.4846379731808845,true,r4n
50000,101,19,3,d,d,506272,y,382726,123546,1.32280534899641,true,r4nd
50000,101,19,4,o,o,634919,#,510437,124482,1.2438733869214027,true,r4ndo
50000,101,19,5,m,m,761986,V,647716,114270,1.1764199124307566,true,r4ndom
50000,101,19,6,P,P,891814,@,765755,126059,1.1646205379005035,true,r4ndomP
50000,101,19,7,@,@,1016657,u,903916,112741,1.1247250850742767,true,r4ndomP@
50000,101,19,8,s,s,1171575,t,1036016,135559,1.1308464348040956,true,r4ndomP@s
50000,101,19,9,s,s,1266229,9,1147221,119008,1.1037358974426026,true,r4ndomP@ss
50000,101,20,0,r,r,127454,@,31,127423,4111.419354838709,true,r
50000,101,20,1,4,4,253295,a,128113,125182,1.9771217596965178,true,r4
50000,101,20,2,n,n,380970,H,254704,126266,1.4957362271499466,true,r4n
50000,101,20,3,d,d,507118,K,382836,124282,1.324635091788651,true,r4nd
50000,101,20,4,o,o,635873,q,511283,124590,1.2436810924673811,true,r4ndo
50000,101,20,5,m,m,762313,$,648922,113391,1.1747374877103873,true,r4ndom
50000,101,20,6,P,P,888875,a,771800,117075,1.1516908525524747,true,r4ndomP
50000,101,20,7,@,@,1014009,6,894644,119365,1.1334217856488167,true,r4ndomP@
50000,101,20,8,s,s,1143924,e,1052481,91443,1.0868832786530114,true,r4ndomP@s
50000,101,20,9,s,s,1269573,4,1147947,121626,1.105950884492054,true,r4ndomP@ss
10000,101,1,0,r,r,25534,1,63,25471,405.3015873015873,true,r
10000,101,1,1,4,4,51231,a,25934,25297,1.9754376494177528,true,r4
10000,101,1,2,n,n,75993,h,51070,24923,1.4880164480125317,true,r4n
10000,101,1,3,d,d,100900,o,76400,24500,1.3206806282722514,true,r4nd
10000,101,1,4,o,o,126311,a,101877,24434,1.2398382363045632,true,r4ndo
10000,101,1,5,m,m,151570,W,127350,24220,1.1901845308205732,true,r4ndom
10000,101,1,6,P,P,177640,6,152816,24824,1.1624437231703486,true,r4ndomP
10000,101,1,7,@,@,201698,u,178226,23472,1.1316979565271061,true,r4ndomP@
10000,101,1,8,s,s,226945,&,203785,23160,1.1136491890963516,true,r4ndomP@s
10000,101,1,9,s,s,254086,w,229765,24321,1.1058516310142972,true,r4ndomP@ss
10000,101,2,0,r,r,25481,R,29,25452,878.6551724137931,true,r
10000,101,2,1,4,4,50632,b,25500,25132,1.9855686274509803,true,r4
10000,101,2,2,n,n,75518,P,50877,24641,1.484324940542878,true,r4n
10000,101,2,3,d,d,101298,a,76449,24849,1.325040222893694,true,r4nd
10000,101,2,4,o,o,126988,a,101895,25093,1.2462633102703764,true,r4ndo
10000,101,2,5,m,m,151186,a,127365,23821,1.1870294036823303,true,r4ndom
10000,101,2,6,P,P,177355,j,156262,21093,1.134984833164813,true,r4ndomP
10000,101,2,7,@,@,202681,N,180003,22678,1.1259867891090705,true,r4ndomP@
10000,101,2,8,s,s,228498,E,205326,23172,1.1128546798749306,true,r4ndomP@s
10000,101,2,9,s,s,252114,m,231649,20465,1.0883448665869484,true,r4ndomP@ss
10000,101,3,0,r,r,25500,Z,31,25469,822.5806451612904,true,r
10000,101,3,1,4,4,50547,c,26534,24013,1.904989824376272,true,r4
10000,101,3,2,n,n,75963,r,50957,25006,1.4907274761073062,true,r4n
10000,101,3,3,d,d,101432,a,76400,25032,1.3276439790575916,true,r4nd
10000,101,3,4,o,o,126660,Z,102434,24226,1.2365035046957065,true,r4ndo
10000,101,3,5,m,m,150813,a,127357,23456,1.1841751925689203,true,r4ndom
10000,101,3,6,P,P,178296,V,153281,25015,1.16319700419491,true,r4ndomP
10000,101,3,7,@,@,202008,T,178060,23948,1.1344939907896214,true,r4ndomP@
10000,101,3,8,s,s,228204,4,203845,24359,1.1194976575339106,true,r4ndomP@s
10000,101,3,9,s,s,253083,&,229260,23823,1.1039125883276628,true,r4ndomP@ss
10000,101,4,0,r,r,25500,b,27,25473,944.4444444444445,true,r
10000,101,4,1,4,4,51254,B,27016,24238,1.8971720461948476,true,r4
10000,101,4,2,n,n,76793,F,52460,24333,1.463839115516584,true,r4n
10000,101,4,3,d,d,102978,6,77691,25287,1.3254817160288836,true,r4nd
10000,101,4,4,o,o,128752,e,104549,24203,1.2314991056825029,true,r4ndo
10000,101,4,5,m,m,151700,$,128873,22827,1.1771278700736383,true,r4ndom
10000,101,4,6,P,P,176390,a,153881,22509,1.1462753686290055,true,r4ndomP
10000,101,4,7,@,@,203044,l,178462,24582,1.1377436092837692,true,r4ndomP@
10000,101,4,8,s,s,227913,@,204536,23377,1.1142928384245316,true,r4ndomP@s
10000,101,4,9,s,s,252881,E,229222,23659,1.1032143511530308,true,r4ndomP@ss
10000,101,5,0,r,r,25350,0,39,25311,650,true,r
10000,101,5,1,4,4,50708,c,26742,23966,1.8961932540572881,true,r4
10000,101,5,2,n,n,75924,W,50954,24970,1.4900498488833065,true,r4n
10000,101,5,3,d,d,101260,a,76370,24890,1.325913316747414,true,r4nd
10000,101,5,4,o,o,126462,A,101855,24607,1.2415885327180796,true,r4ndo
10000,101,5,5,m,m,152613,o,127337,25276,1.1984969019216725,true,r4ndom
10000,101,5,6,P,P,177222,S,153072,24150,1.157768893069928,true,r4ndomP
10000,101,5,7,@,@,202444,M,178018,24426,1.1372108438472515,true,r4ndomP@
10000,101,5,8,s,s,228188,T,203686,24502,1.120293000009819,true,r4ndomP@s
10000,101,5,9,s,s,253532,z,229229,24303,1.1060206169376474,true,r4ndomP@ss
10000,101,6,0,r,r,25500,a,32,25468,796.875,true,r
10000,101,6,1,4,4,50455,a,25831,24624,1.9532731988695753,true,r4
10000,101,6,2,n,n,75477,S,50962,24515,1.4810446999725286,true,r4n
10000,101,6,3,d,d,100909,a,76400,24509,1.3207984293193717,true,r4nd
10000,101,6,4,o,o,125540,9,101850,23690,1.2325969563082966,true,r4ndo
10000,101,6,5,m,m,150844,a,127424,23420,1.1837958312405825,true,r4ndom
10000,101,6,6,P,P,176309,s,152790,23519,1.1539302310360626,true,r4ndomP
10000,101,6,7,@,@,202377,c,179063,23314,1.1301999854799707,true,r4ndomP@
10000,101,6,8,s,s,225957,N,204445,21512,1.1052214532025728,true,r4ndomP@s
10000,101,6,9,s,s,254101,f,229314,24787,1.1080919612409186,true,r4ndomP@ss
10000,101,7,0,r,r,25352,d,29,25323,874.2068965517242,true,r
10000,101,7,1,4,4,50631,3,27204,23427,1.8611601235112483,true,r4
10000,101,7,2,n,n,76055,b,50955,25100,1.4925915023059562,true,r4n
10000,101,7,3,d,d,101645,a,76486,25159,1.328936014434014,true,r4nd
10000,101,7,4,o,o,126054,@,101854,24200,1.2375949889056885,true,r4ndo
10000,101,7,5,m,m,150850,a,127300,23550,1.1849960722702277,true,r4ndom
10000,101,7,6,P,P,177249,g,152803,24446,1.1599837699521607,true,r4ndomP
10000,101,7,7,@,@,202216,A,178185,24031,1.1348654488312708,true,r4ndomP@
10000,101,7,8,s,s,227391,F,204239,23152,1.1133573901164813,true,r4ndomP@s
10000,101,7,9,s,s,253463,*,234045,19418,1.08296695080006,true,r4ndomP@ss
10000,101,8,0,r,r,25500,*,29,25471,879.3103448275862,true,r
10000,101,8,1,4,4,50349,v,26640,23709,1.8899774774774776,true,r4
10000,101,8,2,n,n,76757,G,52503,24254,1.4619545549778108,true,r4n
10000,101,8,3,d,d,103500,O,77945,25555,1.3278593880300211,true,r4nd
10000,101,8,4,o,o,125998,%,102801,23197,1.2256495559381717,true,r4ndo
10000,101,8,5,m,m,152875,i,129085,23790,1.1842971685323624,true,r4ndom
10000,101,8,6,P,P,176583,a,152918,23665,1.1547561438156397,true,r4ndomP
10000,101,8,7,@,@,202281,t,178316,23965,1.1343962403822427,true,r4ndomP@
10000,101,8,8,s,s,226932,a,206381,20551,1.0995779650258501,true,r4ndomP@s
10000,101,8,9,s,s,252826,&,229236,23590,1.1029070477586418,true,r4ndomP@ss
10000,101,9,0,r,r,25580,o,32,25548,799.375,true,r
10000,101,9,1,4,4,51219,u,25801,25418,1.9851556141234836,true,r4
10000,101,9,2,n,n,76744,E,51255,25489,1.4972978246024777,true,r4n
10000,101,9,3,d,d,105244,c,78847,26397,1.3347876266693723,true,r4nd
10000,101,9,4,o,o,125875,P,102162,23713,1.2321117440927154,true,r4ndo
10000,101,9,5,m,m,151845,h,127373,24472,1.192128630086439,true,r4ndom
10000,101,9,6,P,P,176501,a,152752,23749,1.15547423274327,true,r4ndomP
10000,101,9,7,@,@,202604,a,178293,24311,1.1363542034740568,true,r4ndomP@
10000,101,9,8,s,s,228450,u,203716,24734,1.1214141255473307,true,r4ndomP@s
10000,101,9,9,s,s,253031,e,229213,23818,1.1039120817754664,true,r4ndomP@ss
10000,101,10,0,r,r,25500,a,31,25469,822.5806451612904,true,r
10000,101,10,1,4,4,50470,c,25955,24515,1.944519360431516,true,r4
10000,101,10,2,n,n,75844,j,50944,24900,1.488771984924623,true,r4n
10000,101,10,3,d,d,101606,a,76375,25231,1.3303567921440262,true,r4nd
10000,101,10,4,o,o,126314,u,102357,23957,1.234053362251727,true,r4ndo
10000,101,10,5,m,m,151881,1,128893,22988,1.178349483680262,true,r4ndom
10000,101,10,6,P,P,177985,0,154173,23812,1.1544498712485325,true,r4ndomP
10000,101,10,7,@,@,205308,5,181132,24176,1.1334717222798842,true,r4ndomP@
10000,101,10,8,s,s,229218,W,205470,23748,1.115578916630165,true,r4ndomP@s
10000,101,10,9,s,s,252152,5,232673,19479,1.083718351506191,true,r4ndomP@ss
10000,101,11,0,r,r,25347,f,39,25308,649.9230769230769,true,r
10000,101,11,1,4,4,50385,B,25877,24508,1.9470958766472157,true,r4
10000,101,11,2,n,n,75509,c,50949,24560,1.4820506781291094,true,r4n
10000,101,11,3,d,d,101278,&,75954,25324,1.3334123285146273,true,r4nd
10000,101,11,4,o,o,126867,m,101855,25012,1.2455647734524569,true,r4ndo
10000,101,11,5,m,m,151581,w,127663,23918,1.1873526393708436,true,r4ndom
10000,101,11,6,P,P,176068,a,152840,23228,1.1519759225333683,true,r4ndomP
10000,101,11,7,@,@,202022,a,178180,23842,1.1338085082500842,true,r4ndomP@
10000,101,11,8,s,s,227709,f,203824,23885,1.1171844336290133,true,r4ndomP@s
10000,101,11,9,s,s,253465,O,228978,24487,1.106940404755042,true,r4ndomP@ss
10000,101,12,0,r,r,25478,k,34,25444,749.3529411764706,true,r
10000,101,12,1,4,4,50955,c,25804,25151,1.974693845915362,true,r4
10000,101,12,2,n,n,75496,d,50955,24541,1.4816210381709352,true,r4n
10000,101,12,3,d,d,101616,i,76826,24790,1.3226772186499363,true,r4nd
10000,101,12,4,o,o,126577,q,102670,23907,1.2328528294535892,true,r4ndo
10000,101,12,5,m,m,152013,G,127300,24713,1.1941319717203456,true,r4ndom
10000,101,12,6,P,P,177640,@,152772,24868,1.1627785196240148,true,r4ndomP
10000,101,12,7,@,@,202552,a,178096,24456,1.1373191986344444,true,r4ndomP@
10000,101,12,8,s,s,227531,^,204322,23209,1.113590313328961,true,r4ndomP@s
10000,101,12,9,s,s,252765,S,229690,23075,1.100461491575602,true,r4ndomP@ss
10000,101,13,0,r,r,25500,b,29,25471,879.3103448275862,true,r
10000,101,13,1,4,4,50855,c,26688,24167,1.9055380695443644,true,r4
10000,101,13,2,n,n,76009,a,50952,25057,1.49177657403046,true,r4n
10000,101,13,3,d,d,101126,3,76422,24704,1.323257700662113,true,r4nd
10000,101,13,4,o,o,126516,a,102036,24480,1.239915324003293,true,r4ndo
10000,101,13,5,m,m,150742,A,128000,22742,1.177671875,true,r4ndom
10000,101,13,6,P,P,176677,a,152821,23856,1.1561042003389586,true,r4ndomP
10000,101,13,7,@,@,200837,&,178291,22546,1.126456186795744,true,r4ndomP@
10000,101,13,8,s,s,227159,0,203675,23484,1.1153013379157972,true,r4ndomP@s
10000,101,13,9,s,s,253472,r,229329,24143,1.105276698542269,true,r4ndomP@ss
10000,101,14,0,r,r,25359,G,29,25330,874.448275862069,true,r
10000,101,14,1,4,4,51003,c,27539,23464,1.8520280329714223,true,r4
10000,101,14,2,n,n,75901,W,50955,24946,1.4895692277499755,true,r4n
10000,101,14,3,d,d,100783,b,76422,24361,1.3187694642903875,true,r4nd
10000,101,14,4,o,o,126149,V,101904,24245,1.2379200031402104,true,r4ndo
10000,101,14,5,m,m,152680,z,127316,25364,1.1992208363442145,true,r4ndom
10000,101,14,6,P,P,177150,0,152493,24657,1.161692667860164,true,r4ndomP
10000,101,14,7,@,@,203518,j,178280,25238,1.1415638321741082,true,r4ndomP@
10000,101,14,8,s,s,229095,V,203770,25325,1.1242822790400941,true,r4ndomP@s
10000,101,14,9,s,s,251859,N,228714,23145,1.1011962538366693,true,r4ndomP@ss
10000,101,15,0,r,r,25500,F,29,25471,879.3103448275862,true,r
10000,101,15,1,4,4,50485,c,25793,24692,1.9573139999224596,true,r4
10000,101,15,2,n,n,75873,s,50950,24923,1.4891658488714425,true,r4n
10000,101,15,3,d,d,101277,W,76511,24766,1.3236920181411822,true,r4nd
10000,101,15,4,o,o,126121,a,101818,24303,1.2386906048046515,true,r4ndo
10000,101,15,5,m,m,151568,e,127309,24259,1.1905521212168817,true,r4ndom
10000,101,15,6,P,P,177444,a,152803,24641,1.1612599229072729,true,r4ndomP
10000,101,15,7,@,@,202014,n,178536,23478,1.1315028901734103,true,r4ndomP@
10000,101,15,8,s,s,226652,a,206490,20162,1.097641532277592,true,r4ndomP@s
10000,101,15,9,s,s,253077,G,229118,23959,1.1045705706229978,true,r4ndomP@ss
10000,101,16,0,r,r,25470,q,40,25430,636.75,true,r
10000,101,16,1,4,4,51144,c,25500,25644,2.0056470588235293,true,r4
10000,101,16,2,n,n,75685,D,50944,24741,1.4856509108040201,true,r4n
10000,101,16,3,d,d,100954,6,76855,24099,1.3135645045865592,true,r4nd
10000,101,16,4,o,o,126344,b,102522,23822,1.232359883732272,true,r4ndo
10000,101,16,5,m,m,151180,@,127396,23784,1.186693459763258,true,r4ndom
10000,101,16,6,P,P,177257,X,152770,24487,1.1602867055050075,true,r4ndomP
10000,101,16,7,@,@,201332,V,178326,23006,1.129010912598275,true,r4ndomP@
10000,101,16,8,s,s,227045,K,203791,23254,1.1141070999209974,true,r4ndomP@s
10000,101,16,9,s,s,253137,*,229322,23815,1.103849608846949,true,r4ndomP@ss
10000,101,17,0,r,r,25500,c,29,25471,879.3103448275862,true,r
10000,101,17,1,4,4,50965,A,26163,24802,1.9479799717157817,true,r4
10000,101,17,2,n,n,76034,s,51039,24995,1.4897235447402966,true,r4n
10000,101,17,3,d,d,101809,c,76400,25409,1.3325785340314136,true,r4nd
10000,101,17,4,o,o,126316,5,101850,24466,1.2402160039273442,true,r4ndo
10000,101,17,5,m,m,151104,R,127211,23893,1.1878218078625276,true,r4ndom
10000,101,17,6,P,P,176344,a,152404,23940,1.157082491273195,true,r4ndomP
10000,101,17,7,@,@,201252,T,178277,22975,1.1288724849531908,true,r4ndomP@
10000,101,17,8,s,s,228019,!,207027,20992,1.1013974022712014,true,r4ndomP@s
10000,101,17,9,s,s,254104,o,234119,19985,1.0853625720253375,true,r4ndomP@ss
10000,101,18,0,r,r,25824,W,39,25785,662.1538461538462,true,r
10000,101,18,1,4,4,51240,7,26740,24500,1.9162303664921465,true,r4
10000,101,18,2,n,n,76840,s,51740,25100,1.4851178971781986,true,r4n
10000,101,18,3,d,d,101652,@,76486,25166,1.3290275344507492,true,r4nd
10000,101,18,4,o,o,126086,N,101978,24108,1.2364039302594678,true,r4ndo
10000,101,18,5,m,m,151809,8,127324,24485,1.1923046715466055,true,r4ndom
10000,101,18,6,P,P,176503,n,152821,23682,1.1549656133646553,true,r4ndomP
10000,101,18,7,@,@,205327,G,180014,25313,1.1406168409123736,true,r4ndomP@
10000,101,18,8,s,s,227440,&,205904,21536,1.1045924314243531,true,r4ndomP@s
10000,101,18,9,s,s,252026,b,236024,16002,1.0677981900145748,true,r4ndomP@ss
10000,101,19,0,r,r,25647,3,40,25607,641.175,true,r
10000,101,19,1,4,4,50642,b,25657,24985,1.9738083174182484,true,r4
10000,101,19,2,n,n,76400,3,51114,25286,1.4946981257581093,true,r4n
10000,101,19,3,d,d,101065,T,78327,22738,1.2902958111506888,true,r4nd
10000,101,19,4,o,o,126624,z,101855,24769,1.2431790290118305,true,r4ndo
10000,101,19,5,m,m,152765,o,130709,22056,1.1687412496461607,true,r4ndom
10000,101,19,6,P,P,176942,9,152806,24136,1.157951912883002,true,r4ndomP
10000,101,19,7,@,@,202937,D,178714,24223,1.1355405843974171,true,r4ndomP@
10000,101,19,8,s,s,227834,4,203742,24092,1.1182475876353428,true,r4ndomP@s
10000,101,19,9,s,s,253095,M,228944,24151,1.1054886784541198,true,r4ndomP@ss
10000,101,20,0,r,r,25500,4,29,25471,879.3103448275862,true,r
10000,101,20,1,4,4,50811,z,25544,25267,1.98915596617601,true,r4
10000,101,20,2,n,n,75885,d,50968,24917,1.4888753727829227,true,r4n
10000,101,20,3,d,d,101593,T,77547,24046,1.3100829174565103,true,r4nd
10000,101,20,4,o,o,126986,D,102491,24495,1.23899659482296,true,r4ndo
10000,101,20,5,m,m,150637,Z,127673,22964,1.179865750785209,true,r4ndom
10000,101,20,6,P,P,177022,a,152893,24129,1.1578162505804712,true,r4ndomP
10000,101,20,7,@,@,201242,w,178319,22923,1.1285505190136778,true,r4ndomP@
10000,101,20,8,s,s,227022,k,203709,23313,1.1144426608544542,true,r4ndomP@s
10000,101,20,9,s,s,251680,a,229124,22556,1.0984445103961173,true,r4ndomP@ss
1000,101,1,0,r,r,2586,w,29,2557,89.17241379310344,true,r
1000,101,1,1,4,4,5000,E,3170,1830,1.5772870662460567,true,r4
1000,101,1,2,n,n,7600,a,5731,1869,1.3261210957948002,true,r4n
1000,101,1,3,d,d,10100,s,7654,2446,1.319571465900183,true,r4nd
1000,101,1,4,o,o,12660,L,12340,320,1.0259319286871962,true,r4ndo
1000,101,1,5,m,m,15163,a,12663,2500,1.1974255705598988,true,r4ndom
1000,101,1,6,P,P,17485,9,16198,1287,1.079454253611557,true,r4ndomP
1000,101,1,7,@,@,20045,a,18693,1352,1.0723265393462793,true,r4ndomP@
1000,101,1,8,s,s,22667,j,21578,1089,1.050468069329873,true,r4ndomP@s
1000,101,1,9,s,s,24865,I,23845,1020,1.0427762633675823,true,r4ndomP@ss
1000,101,2,0,r,r,2554,l,29,2525,88.06896551724138,true,r
1000,101,2,1,4,4,5059,M,2600,2459,1.9457692307692307,true,r4
1000,101,2,2,n,n,7621,a,5667,1954,1.3448032468678313,true,r4n
1000,101,2,3,d,d,10116,c,7632,2484,1.3254716981132075,true,r4nd
1000,101,2,4,a,o,12500,o,12400,100,1.0080645161290323,false,r4nda
1000,101,2,5,E,m,11047,F,10134,913,1.0900927570554568,false,r4ndaE
1000,101,2,6,m,P,10434,k,10429,5,1.0004794323520951,false,r4ndaEm
1000,101,2,7,u,@,10193,#,10191,2,1.0001962515945442,false,r4ndaEmu
1000,101,2,8,a,s,10627,f,10196,431,1.042271479011377,false,r4ndaEmua
1000,101,2,9,B,s,10932,C,10534,398,1.037782418834251,false,r4ndaEmuaB
1000,101,3,0,r,r,2575,i,29,2546,88.79310344827586,true,r
1000,101,3,1,4,4,5000,e,2593,2407,1.9282684149633629,true,r4
1000,101,3,2,n,n,7600,e,5100,2500,1.4901960784313726,true,r4n
1000,101,3,3,d,d,10100,a,8901,1199,1.134703965846534,true,r4nd
1000,101,3,4,o,o,12400,s,11180,1220,1.10912343470483,true,r4ndo
1000,101,3,5,m,m,15159,t,12659,2500,1.1974879532348526,true,r4ndom
1000,101,3,6,P,P,17375,!,15931,1444,1.0906408888330927,true,r4ndomP
1000,101,3,7,@,@,19821,V,17803,2018,1.113351682300736,true,r4ndomP@
1000,101,3,8,s,s,22508,w,20300,2208,1.108768472906404,true,r4ndomP@s
1000,101,3,9,s,s,25062,q,23321,1741,1.07465374555122,true,r4ndomP@ss
1000,101,4,0,r,r,2578,V,29,2549,88.89655172413794,true,r
1000,101,4,1,4,4,5100,x,3200,1900,1.59375,true,r4
1000,101,4,2,n,n,7600,4,5296,2304,1.4350453172205437,true,r4n
1000,101,4,3,d,d,10331,F,9327,1004,1.107644473035274,true,r4nd
1000,101,4,4,q,o,12408,o,12400,8,1.0006451612903227,false,r4ndq
1000,101,4,5,K,m,10960,^,10932,28,1.0025612879619465,false,r4ndqK
1000,101,4,6,o,P,10121,j,10116,5,1.0004942665085015,false,r4ndqKo
1000,101,4,7,^,@,11078,v,10673,405,1.0379462194322122,false,r4ndqKo^
1000,101,4,8,g,s,10113,d,10103,10,1.0009898050084134,false,r4ndqKo^g
1000,101,4,9,a,s,12500,W,12172,328,1.0269470916858363,false,r4ndqKo^ga
1000,101,5,0,r,r,2585,@,27,2558,95.74074074074075,true,r
1000,101,5,1,4,4,5100,s,2644,2456,1.9288956127080181,true,r4
1000,101,5,2,n,n,7600,e,6237,1363,1.2185345518678852,true,r4n
1000,101,5,3,d,d,10100,M,8865,1235,1.1393119007332206,true,r4nd
1000,101,5,4,o,o,12400,f,10157,2243,1.2208329231072168,true,r4ndo
1000,101,5,5,m,m,15155,f,12636,2519,1.1993510604621715,true,r4ndom
1000,101,5,6,P,P,17681,u,15237,2444,1.1603990286801864,true,r4ndomP
1000,101,5,7,@,@,19934,X,17868,2066,1.1156256995746585,true,r4ndomP@
1000,101,5,8,s,s,22700,d,20300,2400,1.1182266009852218,true,r4ndomP@s
1000,101,5,9,s,s,25196,c,22804,2392,1.1048938782669706,true,r4ndomP@ss
1000,101,6,0,r,r,2577,p,31,2546,83.12903225806451,true,r
1000,101,6,1,4,4,5000,j,2600,2400,1.9230769230769231,true,r4
1000,101,6,2,n,n,7600,a,6100,1500,1.2459016393442623,true,r4n
1000,101,6,3,d,d,10100,h,8078,2022,1.2503094825451844,true,r4nd
1000,101,6,4,o,o,12500,x,10162,2338,1.2300728203109623,true,r4ndo
1000,101,6,5,m,m,15116,c,12700,2416,1.190236220472441,true,r4ndom
1000,101,6,6,P,P,17667,9,15298,2369,1.1548568440318996,true,r4ndomP
1000,101,6,7,@,@,20054,a,19381,673,1.0347247304060678,true,r4ndomP@
1000,101,6,8,s,s,22809,c,20300,2509,1.1235960591133005,true,r4ndomP@s
1000,101,6,9,s,s,25042,c,22700,2342,1.103171806167401,true,r4ndomP@ss
1000,101,7,0,r,r,2550,u,32,2518,79.6875,true,r
1000,101,7,1,4,4,5065,n,2600,2465,1.948076923076923,true,r4
1000,101,7,2,n,n,7600,a,5409,2191,1.4050656313551488,true,r4n
1000,101,7,3,d,d,10106,O,7647,2459,1.3215640120308618,true,r4nd
1000,101,7,4,o,o,12500,E,10104,2396,1.2371338083927157,true,r4ndo
1000,101,7,5,m,m,15004,*,12700,2304,1.1814173228346456,true,r4ndom
1000,101,7,6,P,P,17362,m,15234,2128,1.139687541026651,true,r4ndomP
1000,101,7,7,k,@,20045,@,19996,49,1.0024504900980196,false,r4ndomPk
1000,101,7,8,c,s,17796,e,17778,18,1.0010124873439081,false,r4ndomPkc
1000,101,7,9,B,s,17800,A,17747,53,1.0029864202400405,false,r4ndomPkcB
1000,101,8,0,r,r,2554,I,31,2523,82.38709677419355,true,r
1000,101,8,1,4,4,5050,d,2600,2450,1.9423076923076923,true,r4
1000,101,8,2,n,n,7600,a,6100,1500,1.2459016393442623,true,r4n
1000,101,8,3,d,d,10124,M,7647,2477,1.3239178762913562,true,r4nd
1000,101,8,4,o,o,12611,g,11021,1590,1.1442700299428363,true,r4ndo
1000,101,8,5,m,m,15100,s,12622,2478,1.1963238789415307,true,r4ndom
1000,101,8,6,P,P,17545,q,15147,2398,1.158315177923021,true,r4ndomP
1000,101,8,7,@,@,20190,c,17678,2512,1.1420975223441565,true,r4ndomP@
1000,101,8,8,s,s,22780,k,21111,1669,1.079058310833215,true,r4ndomP@s
1000,101,8,9,s,s,24986,3,22970,2016,1.0877666521549847,true,r4ndomP@ss
1000,101,9,0,r,r,2600,%,29,2571,89.65517241379311,true,r
1000,101,9,1,4,4,5298,3,2660,2638,1.9917293233082707,true,r4
1000,101,9,2,n,n,7640,c,5140,2500,1.4863813229571985,true,r4n
1000,101,9,3,d,d,10468,a,9550,918,1.0961256544502618,true,r4nd
1000,101,9,4,o,o,12700,f,10590,2110,1.1992445703493861,true,r4ndo
1000,101,9,5,m,m,15219,7,14878,341,1.02291974727786,true,r4ndom
1000,101,9,6,P,P,17883,q,15490,2393,1.1544867656552615,true,r4ndomP
1000,101,9,7,@,@,20355,O,18360,1995,1.1086601307189543,true,r4ndomP@
1000,101,9,8,s,s,23613,r,21036,2577,1.1225042783799202,true,r4ndomP@s
1000,101,9,9,s,s,25200,m,24150,1050,1.0434782608695652,true,r4ndomP@ss
1000,101,10,0,r,r,2600,z,37,2563,70.27027027027027,true,r
1000,101,10,1,4,4,5100,n,2696,2404,1.8916913946587537,true,r4
1000,101,10,2,n,n,7640,a,6100,1540,1.2524590163934426,true,r4n
1000,101,10,3,d,d,12262,h,9540,2722,1.2853249475890984,true,r4nd
1000,101,10,4,o,o,12795,n,10529,2266,1.2152151201443633,true,r4ndo
1000,101,10,5,m,m,15231,q,13295,1936,1.145618653629184,true,r4ndom
1000,101,10,6,P,P,17770,i,15755,2015,1.1278959060615679,true,r4ndomP
1000,101,10,7,@,@,20049,g,17800,2249,1.1263483146067417,true,r4ndomP@
1000,101,10,8,s,s,22460,p,20198,2262,1.1119912862659669,true,r4ndomP@s
1000,101,10,9,s,s,25040,c,22700,2340,1.1030837004405287,true,r4ndomP@ss
1000,101,11,0,r,r,2570,z,31,2539,82.90322580645162,true,r
1000,101,11,1,4,4,5009,H,2600,2409,1.9265384615384615,true,r4
1000,101,11,2,n,n,7600,*,5475,2125,1.3881278538812785,true,r4n
1000,101,11,3,d,d,10100,h,8263,1837,1.222316349993949,true,r4nd
1000,101,11,4,o,o,12616,D,10100,2516,1.249108910891089,true,r4ndo
1000,101,11,5,m,m,15086,h,12700,2386,1.1878740157480314,true,r4ndom
1000,101,11,6,P,P,17513,c,15227,2286,1.1501280619951402,true,r4ndomP
1000,101,11,7,@,@,20281,p,17886,2395,1.1339036117633903,true,r4ndomP@
1000,101,11,8,s,s,22937,w,20518,2419,1.1178964811385126,true,r4ndomP@s
1000,101,11,9,s,s,25268,a,24408,860,1.0352343493936413,true,r4ndomP@ss
1000,101,12,0,r,r,2600,c,31,2569,83.87096774193549,true,r
1000,101,12,1,4,4,5100,K,2600,2500,1.9615384615384615,true,r4
1000,101,12,2,n,n,7636,a,6100,1536,1.2518032786885247,true,r4n
1000,101,12,3,d,d,10188,M,8513,1675,1.196757899682838,true,r4nd
1000,101,12,4,o,o,12698,z,10193,2505,1.2457568919846953,true,r4ndo
1000,101,12,5,m,m,15144,k,12619,2525,1.2000950946984705,true,r4ndom
1000,101,12,6,P,P,17673,!,15191,2482,1.1633862155223487,true,r4ndomP
1000,101,12,7,@,@,19981,a,19585,396,1.0202195557824867,true,r4ndomP@
1000,101,12,8,s,s,22700,q,21600,1100,1.0509259259259258,true,r4ndomP@s
1000,101,12,9,s,s,25057,b,22700,2357,1.1038325991189428,true,r4ndomP@ss
1000,101,13,0,r,r,2609,o,39,2570,66.8974358974359,true,r
1000,101,13,1,4,4,5100,V,2600,2500,1.9615384615384615,true,r4
1000,101,13,2,n,n,7636,a,6003,1633,1.2720306513409962,true,r4n
1000,101,13,3,d,d,12298,a,8472,3826,1.4516052880075543,true,r4nd
1000,101,13,4,o,o,12603,m,10106,2497,1.2470809420146447,true,r4ndo
1000,101,13,5,m,m,15131,0,12624,2507,1.1985899873257289,true,r4ndom
1000,101,13,6,P,P,17685,u,15144,2541,1.1677892234548335,true,r4ndomP
1000,101,13,7,@,@,19955,r,17672,2283,1.1291874151199637,true,r4ndomP@
1000,101,13,8,s,s,22621,q,21480,1141,1.053119180633147,true,r4ndomP@s
1000,101,13,9,s,s,25011,b,22700,2311,1.101806167400881,true,r4ndomP@ss
1000,101,14,0,r,r,2575,a,31,2544,83.06451612903226,true,r
1000,101,14,1,4,4,5100,z,2600,2500,1.9615384615384615,true,r4
1000,101,14,2,n,n,7600,u,6334,1266,1.1998736975055257,true,r4n
1000,101,14,3,d,d,10100,h,9121,979,1.1073347220699485,true,r4nd
1000,101,14,4,o,o,12567,U,10118,2449,1.2420438821901563,true,r4ndo
1000,101,14,5,P,m,15409,m,15147,262,1.0172971545520566,false,r4ndoP
1000,101,14,6,f,P,12700,e,12639,61,1.0048263311970884,false,r4ndoPf
1000,101,14,7,n,@,12627,^,12619,8,1.0006339646564704,false,r4ndoPfn
1000,101,14,8,s,s,13414,e,12621,793,1.062831788289359,true,r4ndoPfns
1000,101,14,9,y,s,12621,I,12618,3,1.0002377555872564,false,r4ndoPfnsy
1000,101,15,0,r,r,2572,5,37,2535,69.51351351351352,true,r
1000,101,15,1,4,4,5098,7,3154,1944,1.6163601775523144,true,r4
1000,101,15,2,n,n,7600,B,5100,2500,1.4901960784313726,true,r4n
1000,101,15,3,d,d,10100,a,9493,607,1.063941851890867,true,r4nd
1000,101,15,4,o,o,12700,l,10198,2502,1.2453422239654834,true,r4ndo
1000,101,15,5,m,m,15009,g,12700,2309,1.1818110236220472,true,r4ndom
1000,101,15,6,P,P,17419,h,15226,2193,1.1440299487718377,true,r4ndomP
1000,101,15,7,@,@,20175,R,17680,2495,1.1411199095022624,true,r4ndomP@
1000,101,15,8,s,s,22536,a,20200,2336,1.1156435643564357,true,r4ndomP@s
1000,101,15,9,s,s,24793,a,23401,1392,1.0594846374086577,true,r4ndomP@ss
1000,101,16,0,r,r,2554,1,42,2512,60.80952380952381,true,r
1000,101,16,1,4,4,5100,R,2590,2510,1.9691119691119692,true,r4
1000,101,16,2,n,n,7600,l,6100,1500,1.2459016393442623,true,r4n
1000,101,16,3,d,d,10100,a,9124,976,1.1069706269180184,true,r4nd
1000,101,16,4,o,o,12637,z,10716,1921,1.179264650989175,true,r4ndo
1000,101,16,5,m,m,15144,N,12700,2444,1.1924409448818898,true,r4ndom
1000,101,16,6,P,P,17513,y,16301,1212,1.0743512667934483,true,r4ndomP
1000,101,16,7,@,@,19908,x,17675,2233,1.1263366336633662,true,r4ndomP@
1000,101,16,8,s,s,22696,U,20300,2396,1.1180295566502463,true,r4ndomP@s
1000,101,16,9,s,s,25200,c,22700,2500,1.1101321585903083,true,r4ndomP@ss
1000,101,17,0,r,r,2557,t,36,2521,71.02777777777777,true,r
1000,101,17,1,4,4,5016,g,2595,2421,1.9329479768786126,true,r4
1000,101,17,2,n,n,7600,C,5100,2500,1.4901960784313726,true,r4n
1000,101,17,3,d,d,10454,a,9113,1341,1.1471524196203227,true,r4nd
1000,101,17,4,o,o,12524,q,10191,2333,1.2289274850358158,true,r4ndo
1000,101,17,5,m,m,14986,g,14522,464,1.0319515218289492,true,r4ndom
1000,101,17,6,P,P,17624,c,15150,2474,1.1633003300330034,true,r4ndomP
1000,101,17,7,@,@,20060,k,18968,1092,1.0575706452973428,true,r4ndomP@
1000,101,17,8,s,s,22642,q,20401,2241,1.109847556492329,true,r4ndomP@s
1000,101,17,9,s,s,24918,P,22709,2209,1.0972742084636047,true,r4ndomP@ss
1000,101,18,0,r,r,2557,&,68,2489,37.60294117647059,true,r
1000,101,18,1,4,4,5100,r,2585,2515,1.9729206963249517,true,r4
1000,101,18,2,n,n,7600,a,6100,1500,1.2459016393442623,true,r4n
1000,101,18,3,d,d,10100,a,8624,1476,1.1711502782931353,true,r4nd
1000,101,18,4,o,o,12700,w,11118,1582,1.1422917790969598,true,r4ndo
1000,101,18,5,m,m,15145,v,13960,1185,1.0848853868194843,true,r4ndom
1000,101,18,6,P,P,17663,O,15488,2175,1.1404313016528926,true,r4ndomP
1000,101,18,7,@,@,20181,f,17690,2491,1.1408140192198983,true,r4ndomP@
1000,101,18,8,s,s,22300,o,20200,2100,1.103960396039604,true,r4ndomP@s
1000,101,18,9,s,s,24939,D,22700,2239,1.0986343612334801,true,r4ndomP@ss
1000,101,19,0,r,r,2555,l,29,2526,88.10344827586206,true,r
1000,101,19,1,4,4,5059,&,3149,1910,1.606541759288663,true,r4
1000,101,19,2,n,n,7600,C,5460,2140,1.3919413919413919,true,r4n
1000,101,19,3,d,d,10100,Z,8404,1696,1.2018086625416469,true,r4nd
1000,101,19,4,o,o,12621,c,10127,2494,1.2462723412659227,true,r4ndo
1000,101,19,5,m,m,14900,a,12655,2245,1.1774002370604504,true,r4ndom
1000,101,19,6,P,P,17462,T,16604,858,1.051674295350518,true,r4ndomP
1000,101,19,7,@,@,19945,e,19290,655,1.0339554173146708,true,r4ndomP@
1000,101,19,8,s,s,22429,l,21418,1011,1.0472032869548977,true,r4ndomP@s
1000,101,19,9,s,s,24937,j,22700,2237,1.098546255506608,true,r4ndomP@ss
1000,101,20,0,r,r,2578,^,36,2542,71.61111111111111,true,r
1000,101,20,1,4,4,5100,P,2626,2474,1.9421172886519422,true,r4
1000,101,20,2,n,n,7637,p,5139,2498,1.4860867873127068,true,r4n
1000,101,20,3,d,d,10127,a,8344,1783,1.213686481303931,true,r4nd
1000,101,20,4,o,o,12611,h,10188,2423,1.2378288182175108,true,r4ndo
1000,101,20,5,m,m,15131,f,12700,2431,1.1914173228346456,true,r4ndom
1000,101,20,6,a,P,17409,P,17362,47,1.0027070613984563,false,r4ndoma
1000,101,20,7,1,@,16447,R,15426,1021,1.06618695708544,false,r4ndoma1
1000,101,20,8,q,s,15149,e,15145,4,1.0002641135688346,false,r4ndoma1q
1000,101,20,9,m,s,15893,n,15142,751,1.0495971470083212,false,r4ndoma1qm
500,101,1,0,r,r,1300,j,29,1271,44.827586206896555,true,r
500,101,1,1,4,4,2524,a,1313,1211,1.9223153084539224,true,r4
500,101,1,2,n,n,3796,v,3037,759,1.2499176819229503,true,r4n
500,101,1,3,d,d,5154,W,4632,522,1.1126943005181347,true,r4nd
500,101,1,4,o,o,6263,m,6003,260,1.043311677494586,true,r4ndo
500,101,1,5,m,m,7500,a,7500,0,1,true,r4ndom
500,101,1,6,P,P,8600,x,8444,156,1.0184746565608715,true,r4ndomP
500,101,1,7,@,@,10183,!,10163,20,1.001967922857424,true,r4ndomP@
500,101,1,8,0,s,12137,s,11132,1005,1.0902802730865973,false,r4ndomP@0
500,101,1,9,m,s,10629,n,10413,216,1.020743301642178,false,r4ndomP@0m
500,101,2,0,r,r,1300,1,31,1269,41.935483870967744,true,r
500,101,2,1,4,4,2540,i,1370,1170,1.854014598540146,true,r4
500,101,2,2,n,n,3800,w,3024,776,1.2566137566137565,true,r4n
500,101,2,3,d,d,5000,a,4026,974,1.241927471435668,true,r4nd
500,101,2,4,o,o,6254,a,6013,241,1.0400798270414102,true,r4ndo
500,101,2,5,m,m,7500,j,6949,551,1.0792919844581954,true,r4ndom
500,101,2,6,P,P,9016,O,7704,1312,1.170301142263759,true,r4ndomP
500,101,2,7,@,@,9849,e,8800,1049,1.1192045454545454,true,r4ndomP@
500,101,2,8,^,s,11224,s,11204,20,1.0017850767583005,false,r4ndomP@^
500,101,2,9,j,s,10000,k,10000,0,1,false,r4ndomP@^j
500,101,3,0,r,r,1300,l,29,1271,44.827586206896555,true,r
500,101,3,1,4,4,2521,B,1313,1208,1.92003046458492,true,r4
500,101,3,2,n,n,3790,b,3039,751,1.2471207634090162,true,r4n
500,101,3,3,d,d,5000,o,4700,300,1.0638297872340425,true,r4nd
500,101,3,4,o,o,6283,e,6200,83,1.0133870967741936,true,r4ndo
500,101,3,5,m,m,7500,D,6785,715,1.105379513633014,true,r4ndom
500,101,3,6,a,P,9370,P,8600,770,1.0895348837209302,false,r4ndoma
500,101,3,7,s,@,8262,u,7544,718,1.0951749734888654,false,r4ndomas
500,101,3,8,a,s,9257,E,8144,1113,1.1366650294695482,false,r4ndomasa
500,101,3,9,A,s,7542,z,7539,3,1.0003979307600477,false,r4ndomasaA
500,101,4,0,r,r,1300,j,29,1271,44.827586206896555,true,r
500,101,4,1,4,4,2549,Y,1318,1231,1.9339908952959028,true,r4
500,101,4,2,n,n,3790,a,2680,1110,1.414179104477612,true,r4n
500,101,4,3,d,d,5000,g,4700,300,1.0638297872340425,true,r4nd
500,101,4,4,o,o,6262,x,5044,1218,1.2414750198255353,true,r4ndo
500,101,4,5,r,m,7670,i,7500,170,1.0226666666666666,false,r4ndor
500,101,4,6,0,P,6273,d,6270,3,1.0004784688995216,false,r4ndor0
500,101,4,7,x,@,6268,c,6267,1,1.000159565980533,false,r4ndor0x
500,101,4,8,B,s,7678,Z,7621,57,1.007479333420811,false,r4ndor0xB
500,101,4,9,f,s,7606,g,7150,456,1.0637762237762238,false,r4ndor0xBf
500,101,5,0,r,r,1300,i,29,1271,44.827586206896555,true,r
500,101,5,1,4,4,2545,n,1314,1231,1.9368340943683409,true,r4
500,101,5,2,n,n,3790,J,3100,690,1.2225806451612904,true,r4n
500,101,5,3,d,d,5016,a,4531,485,1.107040388435224,true,r4nd
500,101,5,4,o,o,6300,f,6200,100,1.0161290322580645,true,r4ndo
500,101,5,5,a,m,7500,m,7500,0,1,false,r4ndoa
500,101,5,6,I,P,6898,p,6300,598,1.0949206349206348,false,r4ndoaI
500,101,5,7,H,@,6300,I,6300,0,1,false,r4ndoaIH
500,101,5,8,M,s,7832,b,6300,1532,1.2431746031746032,false,r4ndoaIHM
500,101,5,9,n,s,6500,H,6460,40,1.0061919504643964,false,r4ndoaIHMn
500,101,6,0,r,r,1300,a,50,1250,26,true,r
500,101,6,1,4,4,2559,K,1300,1259,1.9684615384615385,true,r4
500,101,6,2,n,n,3800,g,2562,1238,1.483216237314598,true,r4n
500,101,6,3,d,d,5047,p,4519,528,1.1168400088515158,true,r4nd
500,101,6,4,o,o,6300,l,6001,299,1.0498250291618063,true,r4ndo
500,101,6,5,a,m,7875,m,7536,339,1.044984076433121,false,r4ndoa
500,101,6,6,a,P,7711,E,6301,1410,1.2237740041263292,false,r4ndoaa
500,101,6,7,S,@,6295,x,6280,15,1.002388535031847,false,r4ndoaaS
500,101,6,8,q,s,6300,m,6285,15,1.0023866348448687,false,r4ndoaaSq
500,101,6,9,%,s,6281,i,6280,1,1.0001592356687898,false,r4ndoaaSq%
500,101,7,0,r,r,1300,C,34,1266,38.23529411764706,true,r
500,101,7,1,4,4,2559,N,1454,1105,1.7599724896836313,true,r4
500,101,7,2,n,n,3791,v,3036,755,1.2486824769433464,true,r4n
500,101,7,3,d,d,5000,b,4524,476,1.1052166224580018,true,r4nd
500,101,7,4,o,o,6273,e,6200,73,1.011774193548387,true,r4ndo
500,101,7,5,k,m,7809,a,7508,301,1.040090570058604,false,r4ndok
500,101,7,6,J,P,7568,K,6549,1019,1.155596274240342,false,r4ndokJ
500,101,7,7,x,@,6309,y,6300,9,1.0014285714285713,false,r4ndokJx
500,101,7,8,L,s,7262,p,6300,962,1.1526984126984128,false,r4ndokJxL
500,101,7,9,c,s,6300,h,6300,0,1,false,r4ndokJxLc
500,101,8,0,r,r,1300,y,29,1271,44.827586206896555,true,r
500,101,8,1,4,4,2524,#,1332,1192,1.894894894894895,true,r4
500,101,8,2,n,n,3900,4,2677,1223,1.4568546880836757,true,r4n
500,101,8,3,d,d,5037,y,3967,1070,1.2697252331736828,true,r4nd
500,101,8,4,o,o,6303,l,5852,451,1.0770676691729324,true,r4ndo
500,101,8,5,m,m,7500,a,7500,0,1,true,r4ndom
500,101,8,6,H,P,9200,P,8636,564,1.0653080129689672,false,r4ndomH
500,101,8,7,y,@,7518,b,7500,18,1.0024,false,r4ndomHy
500,101,8,8,G,s,8742,Z,8677,65,1.0074910683415927,false,r4ndomHyG
500,101,8,9,w,s,8445,a,7896,549,1.0695288753799392,false,r4ndomHyGw
500,101,9,0,r,r,1300,m,36,1264,36.111111111111114,true,r
500,101,9,1,4,4,2524,6,1313,1211,1.9223153084539224,true,r4
500,101,9,2,n,n,3793,l,3111,682,1.2192221150755385,true,r4n
500,101,9,3,d,d,5000,p,4521,479,1.1059500110595002,true,r4nd
500,101,9,4,o,o,6247,m,6008,239,1.039780292942743,true,r4ndo
500,101,9,5,m,m,7500,a,7100,400,1.056338028169014,true,r4ndom
500,101,9,6,O,P,9200,P,8800,400,1.0454545454545454,false,r4ndomO
500,101,9,7,a,@,9254,^,7537,1717,1.227809473265225,false,r4ndomOa
500,101,9,8,a,s,7519,b,7516,3,1.0003991484832357,false,r4ndomOaa
500,101,9,9,6,s,8219,v,7552,667,1.0883209745762712,false,r4ndomOaa6
500,101,10,0,r,r,1300,5,27,1273,48.148148148148145,true,r
500,101,10,1,4,4,2545,I,1318,1227,1.9309559939301972,true,r4
500,101,10,2,n,n,3800,L,2583,1217,1.4711575687185443,true,r4n
500,101,10,3,d,d,5000,7,4527,473,1.104484205875856,true,r4nd
500,101,10,4,a,o,6283,o,6272,11,1.0017538265306123,false,r4nda
500,101,10,5,a,m,6013,f,5744,269,1.0468314763231197,false,r4ndaa
500,101,10,6,a,P,5850,v,5137,713,1.138796963208098,false,r4ndaaa
500,101,10,7,F,@,5059,g,5042,17,1.003371677905593,false,r4ndaaaF
500,101,10,8,a,s,6285,b,5401,884,1.16367339381596,false,r4ndaaaFa
500,101,10,9,a,s,6009,b,5368,641,1.1194113263785395,false,r4ndaaaFaa
500,101,11,0,r,r,1300,v,29,1271,44.827586206896555,true,r
500,101,11,1,4,4,2521,K,1300,1221,1.9392307692307693,true,r4
500,101,11,2,n,n,3849,m,2570,1279,1.4976653696498055,true,r4n
500,101,11,3,d,d,5000,o,4524,476,1.1052166224580018,true,r4nd
500,101,11,4,o,o,6245,e,6200,45,1.007258064516129,true,r4ndo
500,101,11,5,e,m,7731,W,7683,48,1.006247559547052,false,r4ndoe
500,101,11,6,0,P,7634,1,7413,221,1.0298124915688656,false,r4ndoe0
500,101,11,7,7,@,6293,M,6273,20,1.0031882671767893,false,r4ndoe07
500,101,11,8,i,s,6275,n,6273,2,1.000318826717679,false,r4ndoe07i
500,101,11,9,q,s,7686,p,6777,909,1.1341301460823374,false,r4ndoe07iq
500,101,12,0,r,r,1300,p,29,1271,44.827586206896555,true,r
500,101,12,1,4,4,2516,g,1316,1200,1.911854103343465,true,r4
500,101,12,2,n,n,3786,v,3037,749,1.2466249588409615,true,r4n
500,101,12,3,d,d,5000,b,4700,300,1.0638297872340425,true,r4nd
500,101,12,4,o,o,6260,a,6004,256,1.0426382411725517,true,r4ndo
500,101,12,5,a,m,7600,m,7552,48,1.00635593220339,false,r4ndoa
500,101,12,6,e,P,6278,c,6275,3,1.0004780876494024,false,r4ndoae
500,101,12,7,u,@,6290,G,6285,5,1.0007955449482895,false,r4ndoaeu
500,101,12,8,6,s,7700,j,6277,1423,1.2267006531782698,false,r4ndoaeu6
500,101,12,9,a,s,7721,w,6285,1436,1.228480509148767,false,r4ndoaeu6a
500,101,13,0,r,r,1300,z,31,1269,41.935483870967744,true,r
500,101,13,1,4,4,2539,T,1660,879,1.5295180722891566,true,r4
500,101,13,2,n,n,3800,v,3200,600,1.1875,true,r4n
500,101,13,3,d,d,5000,b,4539,461,1.1015642211940957,true,r4nd
500,101,13,4,o,o,6219,a,5796,423,1.0729813664596273,true,r4ndo
500,101,13,5,e,m,7724,m,7506,218,1.0290434319211297,false,r4ndoe
500,101,13,6,x,P,6285,y,6281,4,1.0006368412673141,false,r4ndoex
500,101,13,7,X,@,7500,Y,6477,1023,1.1579434923575729,false,r4ndoexX
500,101,13,8,D,s,7500,1,6719,781,1.116237535347522,false,r4ndoexXD
500,101,13,9,a,s,7700,6,7122,578,1.0811569783768604,false,r4ndoexXDa
500,101,14,0,r,r,1300,1,31,1269,41.935483870967744,true,r
500,101,14,1,4,4,2549,O,1632,917,1.5618872549019607,true,r4
500,101,14,2,n,n,3790,j,3177,613,1.192949323260938,true,r4n
500,101,14,3,d,d,5000,a,4524,476,1.1052166224580018,true,r4nd
500,101,14,4,o,o,6300,f,6200,100,1.0161290322580645,true,r4ndo
500,101,14,5,m,m,7504,a,7503,1,1.0001332800213247,true,r4ndom
500,101,14,6,P,P,8696,1,7514,1182,1.1573063614586105,true,r4ndomP
500,101,14,7,@,@,9985,a,8801,1184,1.1345301670264742,true,r4ndomP@
500,101,14,8,s,s,11208,q,10403,805,1.077381524560223,true,r4ndomP@s
500,101,14,9,a,s,12586,s,12252,334,1.0272608553705518,false,r4ndomP@sa
500,101,15,0,r,r,1300,q,29,1271,44.827586206896555,true,r
500,101,15,1,4,4,2526,e,1300,1226,1.9430769230769231,true,r4
500,101,15,2,n,n,3788,p,2547,1241,1.4872398900667452,true,r4n
500,101,15,3,d,d,5000,p,4640,360,1.0775862068965518,true,r4nd
500,101,15,4,o,o,6300,f,6200,100,1.0161290322580645,true,r4ndo
500,101,15,5,m,m,7500,a,7500,0,1,true,r4ndom
500,101,15,6,P,P,8700,O,7501,1199,1.1598453539528062,true,r4ndomP
500,101,15,7,@,@,9800,v,8800,1000,1.1136363636363635,true,r4ndomP@
500,101,15,8,v,s,11818,s,11026,792,1.0718302194812261,false,r4ndomP@v
500,101,15,9,e,s,10000,f,10000,0,1,false,r4ndomP@ve
500,101,16,0,r,r,1300,n,29,1271,44.827586206896555,true,r
500,101,16,1,4,4,2521,J,1367,1154,1.8441843452816387,true,r4
500,101,16,2,n,n,3786,x,3181,605,1.1901917635963533,true,r4n
500,101,16,3,d,d,5000,q,4681,319,1.0681478316599018,true,r4nd
500,101,16,4,o,o,6259,f,5947,312,1.0524634269379518,true,r4ndo
500,101,16,5,m,m,7465,5,7190,275,1.0382475660639778,true,r4ndom
500,101,16,6,P,P,8614,H,7547,1067,1.141380681065324,true,r4ndomP
500,101,16,7,@,@,9800,x,8801,999,1.1135098284285876,true,r4ndomP@
500,101,16,8,s,s,11218,r,11034,184,1.0166757295631683,true,r4ndomP@s
500,101,16,9,s,s,12452,e,11226,1226,1.1092107607340103,true,r4ndomP@ss
500,101,17,0,r,r,1300,1,29,1271,44.827586206896555,true,r
500,101,17,1,4,4,2521,c,1321,1200,1.9084027252081757,true,r4
500,101,17,2,n,n,3793,w,3067,726,1.2367134007173133,true,r4n
500,101,17,3,d,d,5000,a,4700,300,1.0638297872340425,true,r4nd
500,101,17,4,o,o,6259,9,5127,1132,1.2207918860932319,true,r4ndo
500,101,17,5,m,m,7500,&,6300,1200,1.1904761904761905,true,r4ndom
500,101,17,6,P,P,8601,u,7555,1046,1.1384513567174057,true,r4ndomP
500,101,17,7,R,@,10332,@,9980,352,1.0352705410821643,false,r4ndomPR
500,101,17,8,c,s,8752,e,8752,0,1,false,r4ndomPRc
500,101,17,9,N,s,8752,2,8750,2,1.0002285714285715,false,r4ndomPRcN
500,101,18,0,r,r,1300,h,42,1258,30.952380952380953,true,r
500,101,18,1,4,4,2545,K,1318,1227,1.9309559939301972,true,r4
500,101,18,2,n,n,3800,v,3045,755,1.2479474548440066,true,r4n
500,101,18,3,d,d,5006,a,4522,484,1.10703228659885,true,r4nd
500,101,18,4,o,o,6280,z,5044,1236,1.2450436161776368,true,r4ndo
500,101,18,5,m,m,7527,U,6313,1214,1.1923015998732773,true,r4ndom
500,101,18,6,P,P,8731,Q,7514,1217,1.1619643332446101,true,r4ndomP
500,101,18,7,@,@,9880,B,9791,89,1.0090899805944233,true,r4ndomP@
500,101,18,8,a,s,11891,s,11188,703,1.06283518055059,false,r4ndomP@a
500,101,18,9,I,s,11991,s,10962,1029,1.0938697318007662,false,r4ndomP@aI
500,101,19,0,r,r,1300,t,29,1271,44.827586206896555,true,r
500,101,19,1,4,4,2522,i,1318,1204,1.91350531107739,true,r4
500,101,19,2,n,n,3785,y,3045,740,1.2430213464696223,true,r4n
500,101,19,3,d,d,5050,h,4672,378,1.0809075342465753,true,r4nd
500,101,19,4,o,o,6255,a,6036,219,1.036282306163022,true,r4ndo
500,101,19,5,m,m,7500,e,6300,1200,1.1904761904761905,true,r4ndom
500,101,19,6,P,P,8732,b,7500,1232,1.1642666666666666,true,r4ndomP
500,101,19,7,a,@,10860,@,10000,860,1.086,false,r4ndomPa
500,101,19,8,m,s,8775,p,8749,26,1.0029717682020802,false,r4ndomPam
500,101,19,9,D,s,8800,Y,8800,0,1,false,r4ndomPamD
500,101,20,0,r,r,1300,j,29,1271,44.827586206896555,true,r
500,101,20,1,4,4,2547,k,1450,1097,1.756551724137931,true,r4
500,101,20,2,n,n,3800,c,2586,1214,1.4694508894044858,true,r4n
500,101,20,3,d,d,5050,H,3811,1239,1.3251115192862766,true,r4nd
500,101,20,4,l,o,6300,o,6300,0,1,false,r4ndl
500,101,20,5,S,m,5057,d,5055,2,1.0003956478733926,false,r4ndlS
500,101,20,6,a,P,6286,M,5263,1023,1.1943758312749382,false,r4ndlSa
500,101,20,7,C,@,5067,B,5054,13,1.0025722200237435,false,r4ndlSaC
500,101,20,8,s,s,5501,W,5239,262,1.05000954380607,true,r4ndlSaCs
500,101,20,9,M,s,6300,N,5452,848,1.1555392516507703,false,r4ndlSaCsM
50,101,1,0,r,r,142,e,31,111,4.580645161290323,true,r
50,101,1,1,4,4,222,!,147,75,1.510204081632653,true,r4
50,101,1,2,n,n,311,d,232,79,1.3405172413793103,true,r4n
50,101,1,3,d,d,401,*,316,85,1.268987341772152,true,r4nd
50,101,1,4,o,o,500,^,452,48,1.1061946902654867,true,r4ndo
50,101,1,5,Y,m,606,m,601,5,1.0083194675540765,false,r4ndoY
50,101,1,6,d,P,600,e,570,30,1.0526315789473684,false,r4ndoYd
50,101,1,7,A,@,547,8,536,11,1.0205223880597014,false,r4ndoYdA
50,101,1,8,3,s,590,f,540,50,1.0925925925925926,false,r4ndoYdA3
50,101,1,9,p,s,637,r,622,15,1.0241157556270097,false,r4ndoYdA3p
50,101,2,0,r,r,140,#,29,111,4.827586206896552,true,r
50,101,2,1,4,4,229,%,181,48,1.2651933701657458,true,r4
50,101,2,2,n,n,309,A,263,46,1.1749049429657794,true,r4n
50,101,2,3,d,d,400,g,313,87,1.2779552715654952,true,r4nd
50,101,2,4,o,o,500,s,455,45,1.098901098901099,true,r4ndo
50,101,2,5,m,m,600,h,540,60,1.1111111111111112,true,r4ndom
50,101,2,6,P,P,700,K,600,100,1.1666666666666667,true,r4ndomP
50,101,2,7,a,@,832,d,818,14,1.017114914425428,false,r4ndomPa
50,101,2,8,4,s,750,D,742,8,1.0107816711590296,false,r4ndomPa4
50,101,2,9,!,s,714,G,714,0,1,false,r4ndomPa4!
50,101,3,0,r,r,147,L,32,115,4.59375,true,r
50,101,3,1,4,4,218,N,181,37,1.2044198895027625,true,r4
50,101,3,2,n,n,309,V,293,16,1.0546075085324231,true,r4n
50,101,3,3,d,d,400,a,378,22,1.0582010582010581,true,r4nd
50,101,3,4,o,o,500,h,457,43,1.0940919037199124,true,r4ndo
50,101,3,5,m,m,600,2,550,50,1.0909090909090908,true,r4ndom
50,101,3,6,P,P,700,4,622,78,1.1254019292604502,true,r4ndomP
50,101,3,7,@,@,949,#,796,153,1.1922110552763818,true,r4ndomP@
50,101,3,8,s,s,900,g,806,94,1.1166253101736974,true,r4ndomP@s
50,101,3,9,s,s,1000,L,940,60,1.0638297872340425,true,r4ndomP@ss
50,101,4,0,r,r,140,b,31,109,4.516129032258065,true,r
50,101,4,1,4,4,277,%,200,77,1.385,true,r4
50,101,4,2,n,n,313,l,278,35,1.1258992805755397,true,r4n
50,101,4,3,d,d,406,D,373,33,1.0884718498659518,true,r4nd
50,101,4,4,o,o,500,i,457,43,1.0940919037199124,true,r4ndo
50,101,4,5,m,m,600,x,600,0,1,true,r4ndom
50,101,4,6,P,P,700,m,639,61,1.0954616588419406,true,r4ndomP
50,101,4,7,@,@,800,b,711,89,1.1251758087201125,true,r4ndomP@
50,101,4,8,s,s,896,N,890,6,1.006741573033708,true,r4ndomP@s
50,101,4,9,b,s,1100,c,1100,0,1,false,r4ndomP@sb
50,101,5,0,r,r,140,p,31,109,4.516129032258065,true,r
50,101,5,1,4,4,222,i,175,47,1.2685714285714285,true,r4
50,101,5,2,n,n,309,3,300,9,1.03,true,r4n
50,101,5,3,d,d,406,!,368,38,1.1032608695652173,true,r4nd
50,101,5,4,o,o,500,a,409,91,1.2224938875305624,true,r4ndo
50,101,5,5,m,m,600,t,547,53,1.0968921389396709,true,r4ndom
50,101,5,6,P,P,700,!,622,78,1.1254019292604502,true,r4ndomP
50,101,5,7,o,@,827,k,816,11,1.0134803921568627,false,r4ndomPo
50,101,5,8,e,s,754,c,718,36,1.0501392757660166,false,r4ndomPoe
50,101,5,9,a,s,896,b,885,11,1.0124293785310734,false,r4ndomPoea
50,101,6,0,r,r,140,m,29,111,4.827586206896552,true,r
50,101,6,1,4,4,227,i,170,57,1.3352941176470587,true,r4
50,101,6,2,n,n,311,t,232,79,1.3405172413793103,true,r4n
50,101,6,3,d,d,403,%,377,26,1.0689655172413792,true,r4nd
50,101,6,4,o,o,521,t,408,113,1.2769607843137254,true,r4ndo
50,101,6,5,a,m,637,b,631,6,1.0095087163232963,false,r4ndoa
50,101,6,6,J,P,542,0,534,8,1.0149812734082397,false,r4ndoaJ
50,101,6,7,6,@,549,T,544,5,1.0091911764705883,false,r4ndoaJ6
50,101,6,8,M,s,542,X,540,2,1.0037037037037038,false,r4ndoaJ6M
50,101,6,9,b,s,600,c,600,0,1,false,r4ndoaJ6Mb
50,101,7,0,r,r,140,f,29,111,4.827586206896552,true,r
50,101,7,1,4,4,229,U,175,54,1.3085714285714285,true,r4
50,101,7,2,n,n,309,W,275,34,1.1236363636363635,true,r4n
50,101,7,3,d,d,408,F,388,20,1.0515463917525774,true,r4nd
50,101,7,4,o,o,500,U,459,41,1.0893246187363834,true,r4ndo
50,101,7,5,m,m,600,#,547,53,1.0968921389396709,true,r4ndom
50,101,7,6,a,P,754,f,750,4,1.0053333333333334,false,r4ndoma
50,101,7,7,f,@,708,g,622,86,1.1382636655948553,false,r4ndomaf
50,101,7,8,a,s,772,b,765,7,1.0091503267973856,false,r4ndomafa
50,101,7,9,T,s,618,E,618,0,1,false,r4ndomafaT
50,101,8,0,r,r,139,A,31,108,4.483870967741935,true,r
50,101,8,1,4,4,222,l,150,72,1.48,true,r4
50,101,8,2,n,n,308,1,231,77,1.3333333333333333,true,r4n
50,101,8,3,d,d,411,l,396,15,1.0378787878787878,true,r4nd
50,101,8,4,o,o,500,$,431,69,1.160092807424594,true,r4ndo
50,101,8,5,m,m,600,U,534,66,1.1235955056179776,true,r4ndom
50,101,8,6,P,P,700,N,608,92,1.1513157894736843,true,r4ndomP
50,101,8,7,g,@,888,a,881,7,1.0079455164585698,false,r4ndomPg
50,101,8,8,a,s,900,b,881,19,1.0215664018161181,false,r4ndomPga
50,101,8,9,@,s,714,X,704,10,1.0142045454545454,false,r4ndomPga@
50,101,9,0,r,r,144,B,34,110,4.235294117647059,true,r
50,101,9,1,4,4,222,t,178,44,1.247191011235955,true,r4
50,101,9,2,n,n,304,F,285,19,1.0666666666666667,true,r4n
50,101,9,3,d,d,408,X,383,25,1.0652741514360313,true,r4nd
50,101,9,4,o,o,500,X,500,0,1,true,r4ndo
50,101,9,5,m,m,600,A,600,0,1,true,r4ndom
50,101,9,6,P,P,700,#,619,81,1.1308562197092085,true,r4ndomP
50,101,9,7,a,@,891,f,878,13,1.0148063781321184,false,r4ndomPa
50,101,9,8,a,s,780,e,745,35,1.0469798657718121,false,r4ndomPaa
50,101,9,9,!,s,750,K,700,50,1.0714285714285714,false,r4ndomPaa!
50,101,10,0,r,r,188,B,39,149,4.82051282051282,true,r
50,101,10,1,4,4,227,^,178,49,1.2752808988764044,true,r4
50,101,10,2,n,n,311,!,300,11,1.0366666666666666,true,r4n
50,101,10,3,W,d,400,&,400,0,1,false,r4nW
50,101,10,4,w,o,400,x,400,0,1,false,r4nWw
50,101,10,5,y,m,400,z,400,0,1,false,r4nWwy
50,101,10,6,c,P,400,i,400,0,1,false,r4nWwyc
50,101,10,7,G,@,367,6,344,23,1.066860465116279,false,r4nWwycG
50,101,10,8,$,s,363,M,354,9,1.0254237288135593,false,r4nWwycG$
50,101,10,9,#,s,445,R,436,9,1.0206422018348624,false,r4nWwycG$#
50,101,11,0,r,r,139,W,39,100,3.5641025641025643,true,r
50,101,11,1,4,4,298,c,200,98,1.49,true,r4
50,101,11,2,n,n,400,L,300,100,1.3333333333333333,true,r4n
50,101,11,3,!,d,421,d,408,13,1.0318627450980393,false,r4n!
50,101,11,4,e,o,400,c,400,0,1,false,r4n!e
50,101,11,5,6,m,390,D,383,7,1.0182767624020888,false,r4n!e6
50,101,11,6,j,P,400,w,400,0,1,false,r4n!e6j
50,101,11,7,g,@,319,G,319,0,1,false,r4n!e6jg
50,101,11,8,l,s,381,b,321,60,1.1869158878504673,false,r4n!e6jgl
50,101,11,9,u,s,373,t,355,18,1.0507042253521126,false,r4n!e6jglu
50,101,12,0,r,r,150,c,34,116,4.411764705882353,true,r
50,101,12,1,4,4,234,9,188,46,1.2446808510638299,true,r4
50,101,12,2,n,n,313,x,281,32,1.113879003558719,true,r4n
50,101,12,3,n,d,440,d,413,27,1.0653753026634383,false,r4nn
50,101,12,4,3,o,326,v,318,8,1.0251572327044025,false,r4nn3
50,101,12,5,S,m,355,T,340,15,1.0441176470588236,false,r4nn3S
50,101,12,6,4,P,400,5,400,0,1,false,r4nn3S4
50,101,12,7,c,@,375,b,344,31,1.0901162790697674,false,r4nn3S4c
50,101,12,8,h,s,373,H,350,23,1.0657142857142856,false,r4nn3S4ch
50,101,12,9,l,s,319,w,319,0,1,false,r4nn3S4chl
50,101,13,0,r,r,144,5,32,112,4.5,true,r
50,101,13,1,4,4,316,#,183,133,1.726775956284153,true,r4
50,101,13,2,n,n,309,u,300,9,1.03,true,r4n
50,101,13,3,d,d,408,k,372,36,1.096774193548387,true,r4nd
50,101,13,4,o,o,500,I,445,55,1.1235955056179776,true,r4ndo
50,101,13,5,m,m,600,u,537,63,1.1173184357541899,true,r4ndom
50,101,13,6,P,P,700,K,600,100,1.1666666666666667,true,r4ndomP
50,101,13,7,a,@,883,b,881,2,1.0022701475595914,false,r4ndomPa
50,101,13,8,k,s,832,j,800,32,1.04,false,r4ndomPak
50,101,13,9,6,s,713,T,713,0,1,false,r4ndomPak6
50,101,14,0,r,r,144,1,31,113,4.645161290322581,true,r
50,101,14,1,4,4,267,!,200,67,1.335,true,r4
50,101,14,2,n,n,400,f,300,100,1.3333333333333333,true,r4n
50,101,14,3,a,d,690,d,511,179,1.350293542074364,false,r4na
50,101,14,4,a,o,400,b,400,0,1,false,r4naa
50,101,14,5,d,m,400,*,400,0,1,false,r4naad
50,101,14,6,b,P,400,c,400,0,1,false,r4naadb
50,101,14,7,I,@,439,l,409,30,1.0733496332518337,false,r4naadbI
50,101,14,8,l,s,400,b,388,12,1.0309278350515463,false,r4naadbIl
50,101,14,9,n,s,340,a,331,9,1.027190332326284,false,r4naadbIln
50,101,15,0,r,r,154,a,40,114,3.85,true,r
50,101,15,1,4,4,226,Y,181,45,1.2486187845303867,true,r4
50,101,15,2,n,n,347,X,272,75,1.275735294117647,true,r4n
50,101,15,3,d,d,442,E,378,64,1.1693121693121693,true,r4nd
50,101,15,4,%,o,532,W,527,5,1.0094876660341556,false,r4nd%
50,101,15,5,I,m,501,n,437,64,1.1464530892448512,false,r4nd%I
50,101,15,6,a,P,460,Q,444,16,1.0360360360360361,false,r4nd%Ia
50,101,15,7,1,@,463,G,449,14,1.0311804008908685,false,r4nd%Ia1
50,101,15,8,c,s,529,i,511,18,1.0352250489236792,false,r4nd%Ia1c
50,101,15,9,1,s,418,^,418,0,1,false,r4nd%Ia1c1
50,101,16,0,r,r,142,!,32,110,4.4375,true,r
50,101,16,1,4,4,239,$,177,62,1.3502824858757063,true,r4
50,101,16,2,n,n,313,A,270,43,1.1592592592592592,true,r4n
50,101,16,3,d,d,403,u,385,18,1.0467532467532468,true,r4nd
50,101,16,4,o,o,506,J,490,16,1.0326530612244897,true,r4ndo
50,101,16,5,e,m,600,m,600,0,1,false,r4ndoe
50,101,16,6,g,P,565,4,532,33,1.0620300751879699,false,r4ndoeg
50,101,16,7,a,@,621,7,560,61,1.1089285714285715,false,r4ndoega
50,101,16,8,D,s,600,E,600,0,1,false,r4ndoegaD
50,101,16,9,E,s,547,n,534,13,1.0243445692883895,false,r4ndoegaDE
50,101,17,0,r,r,140,a,31,109,4.516129032258065,true,r
50,101,17,1,4,4,216,U,177,39,1.2203389830508475,true,r4
50,101,17,2,n,n,319,o,288,31,1.1076388888888888,true,r4n
50,101,17,3,d,d,408,@,378,30,1.0793650793650793,true,r4nd
50,101,17,4,o,o,500,g,467,33,1.0706638115631693,true,r4ndo
50,101,17,5,m,m,600,a,547,53,1.0968921389396709,true,r4ndom
50,101,17,6,h,P,800,g,762,38,1.0498687664041995,false,r4ndomh
50,101,17,7,7,@,645,S,614,31,1.0504885993485342,false,r4ndomh7
50,101,17,8,a,s,775,b,772,3,1.0038860103626943,false,r4ndomh7a
50,101,17,9,K,s,624,Z,622,2,1.0032154340836013,false,r4ndomh7aK
50,101,18,0,r,r,172,j,42,130,4.095238095238095,true,r
50,101,18,1,4,4,231,A,147,84,1.5714285714285714,true,r4
50,101,18,2,n,n,314,d,240,74,1.3083333333333333,true,r4n
50,101,18,3,d,d,401,H,400,1,1.0025,true,r4nd
50,101,18,4,v,o,514,o,508,6,1.0118110236220472,false,r4ndv
50,101,18,5,x,m,411,y,411,0,1,false,r4ndvx
50,101,18,6,a,P,442,b,411,31,1.075425790754258,false,r4ndvxa
50,101,18,7,B,@,500,G,455,45,1.098901098901099,false,r4ndvxaB
50,101,18,8,%,s,459,L,408,51,1.125,false,r4ndvxaB%
50,101,18,9,J,s,463,p,455,8,1.0175824175824175,false,r4ndvxaB%J
50,101,19,0,r,r,172,S,44,128,3.909090909090909,true,r
50,101,19,1,4,4,229,n,145,84,1.5793103448275863,true,r4
50,101,19,2,n,n,400,d,300,100,1.3333333333333333,true,r4n
50,101,19,3,d,d,408,k,378,30,1.0793650793650793,true,r4nd
50,101,19,4,o,o,600,J,544,56,1.1029411764705883,true,r4ndo
50,101,19,5,m,m,600,Z,508,92,1.1811023622047243,true,r4ndom
50,101,19,6,a,P,700,P,700,0,1,false,r4ndoma
50,101,19,7,y,@,700,i,636,64,1.10062893081761,false,r4ndomay
50,101,19,8,f,s,632,%,624,8,1.0128205128205128,false,r4ndomayf
50,101,19,9,r,s,762,s,762,0,1,false,r4ndomayfr
50,101,20,0,r,r,137,S,39,98,3.5128205128205128,true,r
50,101,20,1,4,4,227,j,142,85,1.5985915492957747,true,r4
50,101,20,2,n,n,309,t,288,21,1.0729166666666667,true,r4n
50,101,20,3,d,d,400,p,381,19,1.0498687664041995,true,r4nd
50,101,20,4,o,o,519,5,478,41,1.0857740585774058,true,r4ndo
50,101,20,5,m,m,600,d,508,92,1.1811023622047243,true,r4ndom
50,101,20,6,a,P,747,*,721,26,1.0360610263522885,false,r4ndoma
50,101,20,7,q,@,765,s,759,6,1.007905138339921,false,r4ndomaq
50,101,20,8,g,s,742,h,742,0,1,false,r4ndomaqg
50,101,20,9,^,s,786,5,783,3,1.003831417624521,false,r4ndomaqg^
20,101,1,0,r,r,95,b,32,63,2.96875,true,r
20,101,1,1,4,4,100,l,90,10,1.1111111111111112,true,r4
20,101,1,2,n,n,111,K,100,11,1.11,true,r4n
20,101,1,3,d,d,160,l,140,20,1.1428571428571428,true,r4nd
20,101,1,4,o,o,200,j,163,37,1.2269938650306749,true,r4ndo
20,101,1,5,a,m,200,b,200,0,1,false,r4ndoa
20,101,1,6,7,P,208,K,200,8,1.04,false,r4ndoa7
20,101,1,7,C,@,203,K,200,3,1.015,false,r4ndoa7C
20,101,1,8,G,s,200,c,200,0,1,false,r4ndoa7CG
20,101,1,9,a,s,203,K,200,3,1.015,false,r4ndoa7CGa
20,101,2,0,r,r,83,w,32,51,2.59375,true,r
20,101,2,1,4,4,100,!,100,0,1,true,r4
20,101,2,2,n,n,108,K,100,8,1.08,true,r4n
20,101,2,3,d,d,162,o,147,15,1.1020408163265305,true,r4nd
20,101,2,4,T,o,200,&,200,0,1,false,r4ndT
20,101,2,5,K,m,190,L,183,7,1.0382513661202186,false,r4ndTK
20,101,2,6,!,P,198,9,195,3,1.0153846153846153,false,r4ndTK!
20,101,2,7,f,@,200,g,200,0,1,false,r4ndTK!f
20,101,2,8,Z,s,195,0,195,0,1,false,r4ndTK!fZ
20,101,2,9,Z,s,167,q,165,2,1.0121212121212122,false,r4ndTK!fZZ
20,101,3,0,r,r,88,p,32,56,2.75,true,r
20,101,3,1,x,4,100,4,100,0,1,false,rx
20,101,3,2,F,n,100,H,100,0,1,false,rxF
20,101,3,3,%,d,85,f,85,0,1,false,rxF%
20,101,3,4,N,o,88,*,88,0,1,false,rxF%N
20,101,3,5,3,m,85,m,85,0,1,false,rxF%N3
20,101,3,6,4,P,100,3,95,5,1.0526315789473684,false,rxF%N34
20,101,3,7,5,@,100,6,100,0,1,false,rxF%N345
20,101,3,8,7,s,100,8,100,0,1,false,rxF%N3457
20,101,3,9,$,s,88,d,85,3,1.035294117647059,false,rxF%N3457$
20,101,4,0,r,r,85,a,37,48,2.2972972972972974,true,r
20,101,4,1,4,4,100,c,85,15,1.1764705882352942,true,r4
20,101,4,2,n,n,113,K,100,13,1.13,true,r4n
20,101,4,3,d,d,160,N,118,42,1.3559322033898304,true,r4nd
20,101,4,4,o,o,196,m,167,29,1.1736526946107784,true,r4ndo
20,101,4,5,K,m,200,*,200,0,1,false,r4ndoK
20,101,4,6,G,P,200,c,200,0,1,false,r4ndoKG
20,101,4,7,G,@,200,c,200,0,1,false,r4ndoKGG
20,101,4,8,G,s,200,c,200,0,1,false,r4ndoKGGG
20,101,4,9,K,s,200,c,200,0,1,false,r4ndoKGGGK
20,101,5,0,r,r,93,v,36,57,2.5833333333333335,true,r
20,101,5,1,4,4,100,A,86,14,1.1627906976744187,true,r4
20,101,5,2,n,n,118,K,100,18,1.18,true,r4n
20,101,5,3,d,d,200,L,200,0,1,true,r4nd
20,101,5,4,d,o,200,o,200,0,1,false,r4ndd
20,101,5,5,w,m,200,x,200,0,1,false,r4nddw
20,101,5,6,d,P,165,l,165,0,1,false,r4nddwd
20,101,5,7,7,@,185,6,181,4,1.022099447513812,false,r4nddwd7
20,101,5,8,H,s,168,j,165,3,1.018181818181818,false,r4nddwd7H
20,101,5,9,1,s,200,g,200,0,1,false,r4nddwd7H1
20,101,6,0,r,r,81,f,34,47,2.3823529411764706,true,r
20,101,6,1,x,4,100,4,100,0,1,false,rx
20,101,6,2,a,n,100,v,85,15,1.1764705882352942,false,rxa
20,101,6,3,g,d,100,i,100,0,1,false,rxag
20,101,6,4,l,o,85,o,85,0,1,false,rxagl
20,101,6,5,q,m,95,^,86,9,1.1046511627906976,false,rxaglq
20,101,6,6,a,P,86,7,85,1,1.011764705882353,false,rxaglqa
20,101,6,7,E,@,100,F,100,0,1,false,rxaglqaE
20,101,6,8,P,s,100,N,93,7,1.075268817204301,false,rxaglqaEP
20,101,6,9,V,s,100,W,100,0,1,false,rxaglqaEPV
20,101,7,0,r,r,93,R,37,56,2.5135135135135136,true,r
20,101,7,1,4,4,100,p,85,15,1.1764705882352942,true,r4
20,101,7,2,n,n,114,K,100,14,1.14,true,r4n
20,101,7,3,d,d,200,L,195,5,1.0256410256410255,true,r4nd
20,101,7,4,o,o,200,*,200,0,1,true,r4ndo
20,101,7,5,G,m,200,c,200,0,1,false,r4ndoG
20,101,7,6,C,P,209,K,200,9,1.045,false,r4ndoGC
20,101,7,7,K,@,200,c,200,0,1,false,r4ndoGCK
20,101,7,8,i,s,206,K,200,6,1.03,false,r4ndoGCKi
20,101,7,9,K,s,200,c,200,0,1,false,r4ndoGCKiK
20,101,8,0,r,r,78,R,31,47,2.5161290322580645,true,r
20,101,8,1,o,4,100,q,100,0,1,false,ro
20,101,8,2,v,n,100,Q,100,0,1,false,rov
20,101,8,3,a,d,100,b,90,10,1.1111111111111112,false,rova
20,101,8,4,q,o,88,r,88,0,1,false,rovaq
20,101,8,5,A,m,100,B,100,0,1,false,rovaqA
20,101,8,6,Y,P,85,l,85,0,1,false,rovaqAY
20,101,8,7,2,@,85,h,85,0,1,false,rovaqAY2
20,101,8,8,T,s,100,U,96,4,1.0416666666666667,false,rovaqAY2T
20,101,8,9,3,s,100,4,100,0,1,false,rovaqAY2T3
20,101,9,0,r,r,80,p,31,49,2.5806451612903225,true,r
20,101,9,1,f,4,100,g,100,0,1,false,rf
20,101,9,2,j,n,98,x,95,3,1.0315789473684212,false,rfj
20,101,9,3,n,d,100,m,98,2,1.0204081632653061,false,rfjn
20,101,9,4,o,o,88,n,86,2,1.0232558139534884,true,rfjno
20,101,9,5,w,m,100,y,100,0,1,false,rfjnow
20,101,9,6,5,P,88,n,86,2,1.0232558139534884,false,rfjnow5
20,101,9,7,a,@,93,8,86,7,1.0813953488372092,false,rfjnow5a
20,101,9,8,&,s,85,f,85,0,1,false,rfjnow5a&
20,101,9,9,K,s,100,J,88,12,1.1363636363636365,false,rfjnow5a&K
20,101,10,0,r,r,78,Y,40,38,1.95,true,r
20,101,10,1,4,4,100,s,85,15,1.1764705882352942,true,r4
20,101,10,2,n,n,159,K,100,59,1.59,true,r4n
20,101,10,3,d,d,152,v,145,7,1.0482758620689656,true,r4nd
20,101,10,4,o,o,200,q,188,12,1.0638297872340425,true,r4ndo
20,101,10,5,W,m,214,X,201,13,1.064676616915423,false,r4ndoW
20,101,10,6,a,P,200,b,200,0,1,false,r4ndoWa
20,101,10,7,M,@,208,6,204,4,1.0196078431372548,false,r4ndoWaM
20,101,10,8,Y,s,201,K,200,1,1.005,false,r4ndoWaMY
20,101,10,9,a,s,200,b,200,0,1,false,r4ndoWaMYa
20,101,11,0,r,r,86,y,36,50,2.388888888888889,true,r
20,101,11,1,3,4,100,4,100,0,1,false,r3
20,101,11,2,9,n,100,h,88,12,1.1363636363636365,false,r39
20,101,11,3,#,d,100,@,100,0,1,false,r39#
20,101,11,4,A,o,98,y,96,2,1.0208333333333333,false,r39#A
20,101,11,5,!,m,85,m,85,0,1,false,r39#A!
20,101,11,6,W,P,88,N,86,2,1.0232558139534884,false,r39#A!W
20,101,11,7,X,@,85,j,85,0,1,false,r39#A!WX
20,101,11,8,m,s,85,B,85,0,1,false,r39#A!WXm
20,101,11,9,*,s,100,2,96,4,1.0416666666666667,false,r39#A!WXm*
20,101,12,0,r,r,85,e,32,53,2.65625,true,r
20,101,12,1,4,4,100,7,100,0,1,true,r4
20,101,12,2,n,n,180,h,122,58,1.4754098360655739,true,r4n
20,101,12,3,d,d,162,t,150,12,1.08,true,r4nd
20,101,12,4,o,o,229,C,218,11,1.0504587155963303,true,r4ndo
20,101,12,5,R,m,211,K,200,11,1.055,false,r4ndoR
20,101,12,6,e,P,200,c,200,0,1,false,r4ndoRe
20,101,12,7,K,@,200,c,200,0,1,false,r4ndoReK
20,101,12,8,K,s,200,c,200,0,1,false,r4ndoReKK
20,101,12,9,K,s,200,c,200,0,1,false,r4ndoReKKK
20,101,13,0,r,r,80,g,40,40,2,true,r
20,101,13,1,A,4,100,4,100,0,1,false,rA
20,101,13,2,J,n,100,K,100,0,1,false,rAJ
20,101,13,3,t,d,90,L,90,0,1,false,rAJt
20,101,13,4,w,o,90,O,88,2,1.0227272727272727,false,rAJtw
20,101,13,5,$,m,100,i,100,0,1,false,rAJtw$
20,101,13,6,p,P,88,t,88,0,1,false,rAJtw$p
20,101,13,7,R,@,86,^,86,0,1,false,rAJtw$pR
20,101,13,8,f,s,88,1,86,2,1.0232558139534884,false,rAJtw$pRf
20,101,13,9,*,s,90,o,86,4,1.0465116279069768,false,rAJtw$pRf*
20,101,14,0,r,r,100,N,54,46,1.8518518518518519,true,r
20,101,14,1,4,4,100,V,96,4,1.0416666666666667,true,r4
20,101,14,2,n,n,121,K,100,21,1.21,true,r4n
20,101,14,3,d,d,157,$,150,7,1.0466666666666666,true,r4nd
20,101,14,4,o,o,200,L,198,2,1.0101010101010102,true,r4ndo
20,101,14,5,a,m,200,b,200,0,1,false,r4ndoa
20,101,14,6,a,P,200,b,200,0,1,false,r4ndoaa
20,101,14,7,B,@,201,K,200,1,1.005,false,r4ndoaaB
20,101,14,8,M,s,204,K,200,4,1.02,false,r4ndoaaBM
20,101,14,9,X,s,213,K,200,13,1.065,false,r4ndoaaBMX
20,101,15,0,r,r,83,z,34,49,2.4411764705882355,true,r
20,101,15,1,M,4,100,N,100,0,1,false,rM
20,101,15,2,X,n,100,W,98,2,1.0204081632653061,false,rMX
20,101,15,3,4,d,100,6,98,2,1.0204081632653061,false,rMX4
20,101,15,4,G,o,88,M,88,0,1,false,rMX4G
20,101,15,5,d,m,85,s,85,0,1,false,rMX4Gd
20,101,15,6,c,P,100,b,98,2,1.0204081632653061,false,rMX4Gdc
20,101,15,7,y,@,98,x,95,3,1.0315789473684212,false,rMX4Gdcy
20,101,15,8,d,s,100,e,100,0,1,false,rMX4Gdcyd
20,101,15,9,m,s,95,n,93,2,1.021505376344086,false,rMX4Gdcydm
20,101,16,0,r,r,85,A,36,49,2.361111111111111,true,r
20,101,16,1,d,4,100,h,100,0,1,false,rd
20,101,16,2,a,n,86,b,85,1,1.011764705882353,false,rda
20,101,16,3,b,d,85,k,85,0,1,false,rdab
20,101,16,4,q,o,93,9,86,7,1.0813953488372092,false,rdabq
20,101,16,5,i,m,100,n,100,0,1,false,rdabqi
20,101,16,6,o,P,100,p,100,0,1,false,rdabqio
20,101,16,7,J,@,90,*,88,2,1.0227272727272727,false,rdabqioJ
20,101,16,8,f,s,100,h,100,0,1,false,rdabqioJf
20,101,16,9,f,s,88,d,86,2,1.0232558139534884,false,rdabqioJff
20,101,17,0,r,r,77,I,39,38,1.9743589743589745,true,r
20,101,17,1,4,4,100,b,85,15,1.1764705882352942,true,r4
20,101,17,2,n,n,113,K,100,13,1.13,true,r4n
20,101,17,3,d,d,162,a,121,41,1.3388429752066116,true,r4nd
20,101,17,4,o,o,200,q,193,7,1.0362694300518134,true,r4ndo
20,101,17,5,a,m,200,b,200,0,1,false,r4ndoa
20,101,17,6,a,P,200,b,200,0,1,false,r4ndoaa
20,101,17,7,e,@,206,K,200,6,1.03,false,r4ndoaae
20,101,17,8,o,s,206,5,203,3,1.0147783251231528,false,r4ndoaaeo
20,101,17,9,D,s,204,C,204,0,1,false,r4ndoaaeoD
20,101,18,0,r,r,85,m,37,48,2.2972972972972974,true,r
20,101,18,1,g,4,100,4,100,0,1,false,rg
20,101,18,2,$,n,85,n,85,0,1,false,rg$
20,101,18,3,b,d,85,e,85,0,1,false,rg$b
20,101,18,4,*,o,88,S,88,0,1,false,rg$b*
20,101,18,5,B,m,100,C,95,5,1.0526315789473684,false,rg$b*B
20,101,18,6,L,P,100,M,100,0,1,false,rg$b*BL
20,101,18,7,S,@,100,Q,96,4,1.0416666666666667,false,rg$b*BLS
20,101,18,8,Z,s,96,%,93,3,1.032258064516129,false,rg$b*BLSZ
20,101,18,9,3,s,93,4,93,0,1,false,rg$b*BLSZ3
20,101,19,0,r,r,83,A,34,49,2.4411764705882355,true,r
20,101,19,1,4,4,100,k,98,2,1.0204081632653061,true,r4
20,101,19,2,n,n,118,K,100,18,1.18,true,r4n
20,101,19,3,d,d,155,b,136,19,1.1397058823529411,true,r4nd
20,101,19,4,o,o,200,H,200,0,1,true,r4ndo
20,101,19,5,a,m,200,b,200,0,1,false,r4ndoa
20,101,19,6,V,P,226,X,226,0,1,false,r4ndoaV
20,101,19,7,a,@,200,b,200,0,1,false,r4ndoaVa
20,101,19,8,a,s,200,b,200,0,1,false,r4ndoaVaa
20,101,19,9,c,s,206,e,203,3,1.0147783251231528,false,r4ndoaVaac
20,101,20,0,r,r,77,m,42,35,1.8333333333333333,true,r
20,101,20,1,4,4,100,r,86,14,1.1627906976744187,true,r4
20,101,20,2,n,n,108,K,100,8,1.08,true,r4n
20,101,20,3,d,d,159,t,121,38,1.3140495867768596,true,r4nd
20,101,20,4,o,o,200,a,167,33,1.1976047904191616,true,r4ndo
20,101,20,5,a,m,200,b,200,0,1,false,r4ndoa
20,101,20,6,a,P,200,b,200,0,1,false,r4ndoaa
20,101,20,7,T,@,213,U,204,9,1.0441176470588236,false,r4ndoaaT
20,101,20,8,a,s,200,b,200,0,1,false,r4ndoaaTa
20,101,20,9,6,s,201,K,200,1,1.005,false,r4ndoaaTa6
1,101,1,0,a,r,37,f,34,3,1.088235294117647,false,a
1,101,1,1,u,4,37,z,37,0,1,false,au
1,101,1,2,D,n,39,E,37,2,1.054054054054054,false,auD
1,101,1,3,!,d,39,#,39,0,1,false,auD!
1,101,1,4,d,o,34,n,32,2,1.0625,false,auD!d
1,101,1,5,p,m,36,r,36,0,1,false,auD!dp
1,101,1,6,3,P,40,4,40,0,1,false,auD!dp3
1,101,1,7,E,@,36,M,34,2,1.0588235294117647,false,auD!dp3E
1,101,1,8,i,s,40,g,37,3,1.0810810810810811,false,auD!dp3Ei
1,101,1,9,B,s,34,D,34,0,1,false,auD!dp3EiB
1,101,2,0,R,r,42,n,40,2,1.05,false,R
1,101,2,1,b,4,40,Y,39,1,1.0256410256410255,false,Rb
1,101,2,2,E,n,42,G,40,2,1.05,false,RbE
1,101,2,3,c,d,36,m,32,4,1.125,false,RbEc
1,101,2,4,b,o,34,y,32,2,1.0625,false,RbEcb
1,101,2,5,w,m,34,y,34,0,1,false,RbEcbw
1,101,2,6,R,P,36,D,34,2,1.0588235294117647,false,RbEcbwR
1,101,2,7,k,@,36,V,36,0,1,false,RbEcbwRk
1,101,2,8,n,s,40,o,37,3,1.0810810810810811,false,RbEcbwRkn
1,101,2,9,7,s,34,R,32,2,1.0625,false,RbEcbwRkn7
1,101,3,0,n,r,32,a,32,0,1,false,n
1,101,3,1,t,4,34,f,31,3,1.096774193548387,false,nt
1,101,3,2,N,n,32,P,32,0,1,false,ntN
1,101,3,3,L,d,34,z,32,2,1.0625,false,ntNL
1,101,3,4,Q,o,34,O,32,2,1.0625,false,ntNLQ
1,101,3,5,P,m,36,X,34,2,1.0588235294117647,false,ntNLQP
1,101,3,6,1,P,34,A,32,2,1.0625,false,ntNLQP1
1,101,3,7,q,@,31,P,31,0,1,false,ntNLQP1q
1,101,3,8,n,s,50,p,44,6,1.1363636363636365,false,ntNLQP1qn
1,101,3,9,*,s,32,j,32,0,1,false,ntNLQP1qn*
1,101,4,0,r,r,37,P,34,3,1.088235294117647,true,r
1,101,4,1,c,4,42,*,37,5,1.135135135135135,false,rc
1,101,4,2,N,n,60,K,45,15,1.3333333333333333,false,rcN
1,101,4,3,Q,d,45,6,45,0,1,false,rcNQ
1,101,4,4,e,o,44,F,44,0,1,false,rcNQe
1,101,4,5,X,m,42,P,40,2,1.05,false,rcNQeX
1,101,4,6,y,P,47,8,44,3,1.0681818181818181,false,rcNQeXy
1,101,4,7,f,@,57,b,57,0,1,false,rcNQeXyf
1,101,4,8,B,s,40,K,40,0,1,false,rcNQeXyfB
1,101,4,9,p,s,44,x,40,4,1.1,false,rcNQeXyfBp
1,101,5,0,t,r,36,z,36,0,1,false,t
1,101,5,1,S,4,45,j,42,3,1.0714285714285714,false,tS
1,101,5,2,0,n,50,X,47,3,1.0638297872340425,false,tS0
1,101,5,3,^,d,63,Y,45,18,1.4,false,tS0^
1,101,5,4,o,o,40,v,40,0,1,true,tS0^o
1,101,5,5,r,m,77,*,36,41,2.138888888888889,false,tS0^or
1,101,5,6,F,P,36,e,34,2,1.0588235294117647,false,tS0^orF
1,101,5,7,r,@,32,*,31,1,1.032258064516129,false,tS0^orFr
1,101,5,8,@,s,37,c,37,0,1,false,tS0^orFr@
1,101,5,9,A,s,42,y,40,2,1.05,false,tS0^orFr@A
1,101,6,0,g,r,47,j,37,10,1.2702702702702702,false,g
1,101,6,1,A,4,39,M,37,2,1.054054054054054,false,gA
1,101,6,2,a,n,59,&,44,15,1.3409090909090908,false,gAa
1,101,6,3,l,d,34,O,32,2,1.0625,false,gAal
1,101,6,4,T,o,40,y,37,3,1.0810810810810811,false,gAalT
1,101,6,5,f,m,37,G,37,0,1,false,gAalTf
1,101,6,6,e,P,44,r,37,7,1.1891891891891893,false,gAalTfe
1,101,6,7,N,@,31,b,29,2,1.0689655172413792,false,gAalTfeN
1,101,6,8,M,s,40,P,36,4,1.1111111111111112,false,gAalTfeNM
1,101,6,9,6,s,31,o,31,0,1,false,gAalTfeNM6
1,101,7,0,Z,r,37,U,36,1,1.0277777777777777,false,Z
1,101,7,1,s,4,36,c,34,2,1.0588235294117647,false,Zs
1,101,7,2,b,n,32,D,32,0,1,false,Zsb
1,101,7,3,O,d,37,f,34,3,1.088235294117647,false,ZsbO
1,101,7,4,N,o,47,O,40,7,1.175,false,ZsbON
1,101,7,5,!,m,54,y,37,17,1.4594594594594594,false,ZsbON!
1,101,7,6,E,P,37,r,36,1,1.0277777777777777,false,ZsbON!E
1,101,7,7,*,@,44,a,39,5,1.1282051282051282,false,ZsbON!E*
1,101,7,8,o,s,45,p,44,1,1.0227272727272727,false,ZsbON!E*o
1,101,7,9,Q,s,50,R,47,3,1.0638297872340425,false,ZsbON!E*oQ
1,101,8,0,#,r,39,J,39,0,1,false,#
1,101,8,1,P,4,42,h,39,3,1.0769230769230769,false,#P
1,101,8,2,%,n,40,P,39,1,1.0256410256410255,false,#P%
1,101,8,3,^,d,37,e,36,1,1.0277777777777777,false,#P%^
1,101,8,4,r,o,42,p,40,2,1.05,false,#P%^r
1,101,8,5,y,m,57,w,37,20,1.5405405405405406,false,#P%^ry
1,101,8,6,T,P,67,U,52,15,1.2884615384615385,false,#P%^ryT
1,101,8,7,i,@,36,q,34,2,1.0588235294117647,false,#P%^ryTi
1,101,8,8,I,s,40,R,37,3,1.0810810810810811,false,#P%^ryTiI
1,101,8,9,a,s,37,$,34,3,1.088235294117647,false,#P%^ryTiIa
1,101,9,0,t,r,37,#,37,0,1,false,t
1,101,9,1,U,4,36,P,34,2,1.0588235294117647,false,tU
1,101,9,2,H,n,68,G,67,1,1.0149253731343284,false,tUH
1,101,9,3,1,d,37,h,36,1,1.0277777777777777,false,tUH1
1,101,9,4,G,o,50,T,45,5,1.1111111111111112,false,tUH1G
1,101,9,5,G,m,36,b,34,2,1.0588235294117647,false,tUH1GG
1,101,9,6,N,P,37,c,36,1,1.0277777777777777,false,tUH1GGN
1,101,9,7,p,@,36,l,34,2,1.0588235294117647,false,tUH1GGNp
1,101,9,8,W,s,40,P,37,3,1.0810810810810811,false,tUH1GGNpW
1,101,9,9,f,s,47,e,45,2,1.0444444444444445,false,tUH1GGNpWf
1,101,10,0,A,r,39,v,39,0,1,false,A
1,101,10,1,P,4,59,N,49,10,1.2040816326530612,false,AP
1,101,10,2,#,n,29,s,29,0,1,false,AP#
1,101,10,3,z,d,37,D,36,1,1.0277777777777777,false,AP#z
1,101,10,4,u,o,44,v,40,4,1.1,false,AP#zu
1,101,10,5,b,m,32,G,32,0,1,false,AP#zub
1,101,10,6,Y,P,37,!,36,1,1.0277777777777777,false,AP#zubY
1,101,10,7,d,@,36,4,36,0,1,false,AP#zubYd
1,101,10,8,W,s,42,V,36,6,1.1666666666666667,false,AP#zubYdW
1,101,10,9,h,s,37,$,36,1,1.0277777777777777,false,AP#zubYdWh
1,101,11,0,c,r,88,r,44,44,2,false,c
1,101,11,1,B,4,37,e,34,3,1.088235294117647,false,cB
1,101,11,2,5,n,36,9,36,0,1,false,cB5
1,101,11,3,4,d,37,C,36,1,1.0277777777777777,false,cB54
1,101,11,4,h,o,37,S,37,0,1,false,cB54h
1,101,11,5,9,m,65,6,40,25,1.625,false,cB54h9
1,101,11,6,0,P,36,#,34,2,1.0588235294117647,false,cB54h90
1,101,11,7,n,@,34,G,34,0,1,false,cB54h90n
1,101,11,8,k,s,37,q,37,0,1,false,cB54h90nk
1,101,11,9,e,s,36,q,36,0,1,false,cB54h90nke
1,101,12,0,v,r,45,n,39,6,1.1538461538461537,false,v
1,101,12,1,7,4,44,9,44,0,1,false,v7
1,101,12,2,Y,n,37,2,37,0,1,false,v7Y
1,101,12,3,@,d,36,d,34,2,1.0588235294117647,false,v7Y@
1,101,12,4,C,o,39,p,37,2,1.054054054054054,false,v7Y@C
1,101,12,5,p,m,31,x,31,0,1,false,v7Y@Cp
1,101,12,6,n,P,31,v,31,0,1,false,v7Y@Cpn
1,101,12,7,m,@,36,p,36,0,1,false,v7Y@Cpnm
1,101,12,8,n,s,32,9,32,0,1,false,v7Y@Cpnmn
1,101,12,9,f,s,31,C,31,0,1,false,v7Y@Cpnmnf
1,101,13,0,k,r,39,m,39,0,1,false,k
1,101,13,1,3,4,45,5,42,3,1.0714285714285714,false,k3
1,101,13,2,t,n,32,r,31,1,1.032258064516129,false,k3t
1,101,13,3,e,d,36,y,34,2,1.0588235294117647,false,k3te
1,101,13,4,Q,o,36,Y,32,4,1.125,false,k3teQ
1,101,13,5,m,m,32,9,32,0,1,true,k3teQm
1,101,13,6,m,P,32,i,31,1,1.032258064516129,false,k3teQmm
1,101,13,7,y,@,32,2,32,0,1,false,k3teQmmy
1,101,13,8,A,s,32,K,32,0,1,false,k3teQmmyA
1,101,13,9,c,s,42,e,39,3,1.0769230769230769,false,k3teQmmyAc
1,101,14,0,Y,r,44,W,42,2,1.0476190476190477,false,Y
1,101,14,1,*,4,37,h,36,1,1.0277777777777777,false,Y*
1,101,14,2,j,n,40,h,39,1,1.0256410256410255,false,Y*j
1,101,14,3,e,d,36,j,34,2,1.0588235294117647,false,Y*je
1,101,14,4,Y,o,31,w,31,0,1,false,Y*jeY
1,101,14,5,%,m,32,H,31,1,1.032258064516129,false,Y*jeY%
1,101,14,6,O,P,45,Q,42,3,1.0714285714285714,false,Y*jeY%O
1,101,14,7,*,@,32,e,31,1,1.032258064516129,false,Y*jeY%O*
1,101,14,8,a,s,31,T,31,0,1,false,Y*jeY%O*a
1,101,14,9,v,s,34,r,32,2,1.0625,false,Y*jeY%O*av
1,101,15,0,J,r,31,6,31,0,1,false,J
1,101,15,1,@,4,29,H,29,0,1,false,J@
1,101,15,2,u,n,39,w,34,5,1.1470588235294117,false,J@u
1,101,15,3,7,d,37,e,31,6,1.1935483870967742,false,J@u7
1,101,15,4,u,o,31,L,31,0,1,false,J@u7u
1,101,15,5,s,m,40,q,37,3,1.0810810810810811,false,J@u7us
1,101,15,6,V,P,44,I,37,7,1.1891891891891893,false,J@u7usV
1,101,15,7,f,@,32,h,31,1,1.032258064516129,false,J@u7usVf
1,101,15,8,p,s,32,v,31,1,1.032258064516129,false,J@u7usVfp
1,101,15,9,X,s,32,$,29,3,1.103448275862069,false,J@u7usVfpX
1,101,16,0,r,r,32,l,31,1,1.032258064516129,true,r
1,101,16,1,p,4,47,q,42,5,1.119047619047619,false,rp
1,101,16,2,V,n,45,u,36,9,1.25,false,rpV
1,101,16,3,^,d,37,g,36,1,1.0277777777777777,false,rpV^
1,101,16,4,1,o,37,g,34,3,1.088235294117647,false,rpV^1
1,101,16,5,9,m,36,1,34,2,1.0588235294117647,false,rpV^19
1,101,16,6,&,P,39,A,36,3,1.0833333333333333,false,rpV^19&
1,101,16,7,q,@,52,l,45,7,1.1555555555555554,false,rpV^19&q
1,101,16,8,G,s,40,1,39,1,1.0256410256410255,false,rpV^19&qG
1,101,16,9,Y,s,40,p,39,1,1.0256410256410255,false,rpV^19&qGY
1,101,17,0,z,r,34,r,32,2,1.0625,false,z
1,101,17,1,o,4,36,8,36,0,1,false,zo
1,101,17,2,V,n,55,S,42,13,1.3095238095238095,false,zoV
1,101,17,3,t,d,34,u,34,0,1,false,zoVt
1,101,17,4,*,o,32,V,32,0,1,false,zoVt*
1,101,17,5,C,m,42,e,31,11,1.3548387096774193,false,zoVt*C
1,101,17,6,^,P,31,*,29,2,1.0689655172413792,false,zoVt*C^
1,101,17,7,e,@,31,!,31,0,1,false,zoVt*C^e
1,101,17,8,z,s,42,B,40,2,1.05,false,zoVt*C^ez
1,101,17,9,*,s,42,^,39,3,1.0769230769230769,false,zoVt*C^ez*
1,101,18,0,e,r,44,c,40,4,1.1,false,e
1,101,18,1,J,4,44,L,42,2,1.0476190476190477,false,eJ
1,101,18,2,M,n,31,$,31,0,1,false,eJM
1,101,18,3,v,d,31,P,31,0,1,false,eJMv
1,101,18,4,y,o,29,S,29,0,1,false,eJMvy
1,101,18,5,H,m,31,%,31,0,1,false,eJMvyH
1,101,18,6,H,P,31,L,31,0,1,false,eJMvyHH
1,101,18,7,O,@,36,C,32,4,1.125,false,eJMvyHHO
1,101,18,8,P,s,39,U,32,7,1.21875,false,eJMvyHHOP
1,101,18,9,S,s,31,$,31,0,1,false,eJMvyHHOPS
1,101,19,0,F,r,44,H,40,4,1.1,false,F
1,101,19,1,*,4,29,a,29,0,1,false,F*
1,101,19,2,e,n,29,o,29,0,1,false,F*e
1,101,19,3,I,d,42,K,39,3,1.0769230769230769,false,F*eI
1,101,19,4,^,o,37,*,37,0,1,false,F*eI^
1,101,19,5,m,m,29,B,29,0,1,true,F*eI^m
1,101,19,6,y,P,44,A,39,5,1.1282051282051282,false,F*eI^my
1,101,19,7,z,@,29,B,29,0,1,false,F*eI^myz
1,101,19,8,k,s,32,Q,32,0,1,false,F*eI^myzk
1,101,19,9,c,s,31,1,31,0,1,false,F*eI^myzkc
1,101,20,0,F,r,31,Q,31,0,1,false,F
1,101,20,1,I,4,31,3,31,0,1,false,FI
1,101,20,2,6,n,32,f,31,1,1.032258064516129,false,FI6
1,101,20,3,*,d,29,3,29,0,1,false,FI6*
1,101,20,4,Z,o,31,5,31,0,1,false,FI6*Z
1,101,20,5,g,m,31,O,31,0,1,false,FI6*Zg
1,101,20,6,d,P,91,f,49,42,1.8571428571428572,false,FI6*Zgd
1,101,20,7,K,@,44,I,36,8,1.2222222222222223,false,FI6*ZgdK
1,101,20,8,&,s,29,C,29,0,1,false,FI6*ZgdK&
1,101,20,9,j,s,32,b,31,1,1.032258064516129,false,FI6*ZgdK&j
