samples,run,position,chosen_char,correct_char,chosen_score_ns,second_char,second_score_ns,gap_ns,was_correct,partial_guess
201,1,0,r,r,234537,b,41,234496,true,r
201,1,1,4,4,431954,n,221282,210672,true,r4
201,1,2,n,n,649466,F,455917,193549,true,r4n
201,1,3,d,d,871188,K,661133,210055,true,r4nd
201,1,4,o,o,1089492,^,902865,186627,true,r4ndo
201,1,5,m,m,1301444,a,1211375,90069,true,r4ndom
201,1,6,P,P,1524543,U,1331495,193048,true,r4ndomP
201,1,7,@,@,1732704,3,1548505,184199,true,r4ndomP@
201,1,8,s,s,1946783,Y,1755817,190966,true,r4ndomP@s
201,1,9,k,s,2612096,s,2152416,459680,false,r4ndomP@sk
201,2,0,r,r,218252,p,67,218185,true,r
201,2,1,4,4,441962,3,286634,155328,true,r4
201,2,2,n,n,659628,g,440949,218679,true,r4n
201,2,3,d,d,869182,q,660111,209071,true,r4nd
201,2,4,o,o,1088409,f,879418,208991,true,r4ndo
201,2,5,m,m,1311301,d,1103690,207611,true,r4ndom
201,2,6,P,P,1520174,H,1346538,173636,true,r4ndomP
201,2,7,@,@,1729357,v,1525140,204217,true,r4ndomP@
201,2,8,s,s,1950662,N,1755197,195465,true,r4ndomP@s
201,2,9,s,s,2164486,j,1973916,190570,true,r4ndomP@ss
201,3,0,r,r,218527,d,37,218490,true,r
201,3,1,4,4,434456,v,221490,212966,true,r4
201,3,2,n,n,655110,F,438692,216418,true,r4n
201,3,3,d,d,873010,m,658450,214560,true,r4nd
201,3,4,o,o,1086951,C,893056,193895,true,r4ndo
201,3,5,m,m,1305366,e,1097061,208305,true,r4ndom
201,3,6,P,P,1513787,d,1315847,197940,true,r4ndomP
201,3,7,@,@,1733385,d,1533484,199901,true,r4ndomP@
201,3,8,s,s,1950658,c,1750263,200395,true,r4ndomP@s
201,3,9,s,s,2164430,6,1973774,190656,true,r4ndomP@ss
201,4,0,r,r,219117,d,35,219082,true,r
201,4,1,4,4,434871,w,221418,213453,true,r4
201,4,2,n,n,655399,w,443258,212141,true,r4n
201,4,3,d,d,869685,f,678221,191464,true,r4nd
201,4,4,o,o,1078643,f,879227,199416,true,r4ndo
201,4,5,m,m,1302621,p,1109160,193461,true,r4ndom
201,4,6,P,P,1518119,C,1306898,211221,true,r4ndomP
201,4,7,@,@,1729416,x,1545578,183838,true,r4ndomP@
201,4,8,s,s,1974281,E,1746369,227912,true,r4ndomP@s
201,4,9,s,s,2170097,J,1963707,206390,true,r4ndomP@ss
201,5,0,r,r,219690,a,35,219655,true,r
201,5,1,4,4,434786,w,221916,212870,true,r4
201,5,2,n,n,652268,M,437295,214973,true,r4n
201,5,3,d,d,870127,Z,660800,209327,true,r4nd
201,5,4,o,o,1090180,f,874367,215813,true,r4ndo
201,5,5,m,m,1302481,e,1092677,209804,true,r4ndom
201,5,6,P,P,1517730,g,1323839,193891,true,r4ndomP
201,5,7,X,@,1735995,@,1730386,5609,false,r4ndomPX
201,5,8,K,s,1530427,^,1519895,10532,false,r4ndomPXK
201,5,9,y,s,1526241,d,1521751,4490,false,r4ndomPXKy
201,6,0,r,r,218529,c,37,218492,true,r
201,6,1,4,4,433666,w,221583,212083,true,r4
201,6,2,n,n,652696,T,442548,210148,true,r4n
201,6,3,d,d,872510,S,667131,205379,true,r4nd
201,6,4,o,o,1085239,c,914265,170974,true,r4ndo
201,6,5,m,m,1311942,w,1185926,126016,true,r4ndom
201,6,6,P,P,1572361,n,1508841,63520,true,r4ndomP
201,6,7,6,@,1755802,@,1739248,16554,false,r4ndomP6
201,6,8,M,s,1536340,%,1531035,5305,false,r4ndomP6M
201,6,9,X,s,1853644,Y,1810376,43268,false,r4ndomP6MX
201,7,0,r,r,219720,d,40,219680,true,r
201,7,1,4,4,434969,w,221137,213832,true,r4
201,7,2,n,n,652873,O,439390,213483,true,r4n
201,7,3,d,d,871480,m,657669,213811,true,r4nd
201,7,4,o,o,1086130,^,934581,151549,true,r4ndo
201,7,5,m,m,1318384,W,1103571,214813,true,r4ndom
201,7,6,P,P,1552928,Q,1322235,230693,true,r4ndomP
201,7,7,@,@,1835606,8,1549810,285796,true,r4ndomP@
201,7,8,s,s,1948679,a,1748216,200463,true,r4ndomP@s
201,7,9,s,s,2159065,^,1977071,181994,true,r4ndomP@ss
201,8,0,r,r,219339,q,45,219294,true,r
201,8,1,4,4,434092,w,221736,212356,true,r4
201,8,2,n,n,660400,O,440500,219900,true,r4n
201,8,3,d,d,872178,K,680510,191668,true,r4nd
201,8,4,o,o,1085146,f,880229,204917,true,r4ndo
201,8,5,m,m,1312588,K,1105038,207550,true,r4ndom
201,8,6,P,P,1522823,#,1317976,204847,true,r4ndomP
201,8,7,@,@,1721278,m,1538236,183042,true,r4ndomP@
201,8,8,s,s,1944385,c,1747639,196746,true,r4ndomP@s
201,8,9,s,s,2171292,6,1966803,204489,true,r4ndomP@ss
201,9,0,r,r,217631,d,36,217595,true,r
201,9,1,4,4,435470,w,221589,213881,true,r4
201,9,2,n,n,656541,F,438523,218018,true,r4n
201,9,3,d,d,864491,a,664168,200323,true,r4nd
201,9,4,o,o,1086879,f,880073,206806,true,r4ndo
201,9,5,m,m,1299756,e,1097001,202755,true,r4ndom
201,9,6,P,P,1520816,d,1313117,207699,true,r4ndomP
201,9,7,@,@,1737759,T,1534905,202854,true,r4ndomP@
201,9,8,s,s,1959128,C,1747916,211212,true,r4ndomP@s
201,9,9,s,s,2155094,y,1964340,190754,true,r4ndomP@ss
201,10,0,r,r,218855,a,35,218820,true,r
201,10,1,4,4,434361,x,225422,208939,true,r4
201,10,2,n,n,654807,F,438391,216416,true,r4n
201,10,3,d,d,871788,s,661808,209980,true,r4nd
201,10,4,o,o,1087232,I,905007,182225,true,r4ndo
201,10,5,m,m,1302838,4,1098856,203982,true,r4ndom
201,10,6,P,P,1519130,m,1316104,203026,true,r4ndomP
201,10,7,@,@,1738573,d,1532876,205697,true,r4ndomP@
201,10,8,s,s,1948438,R,1753757,194681,true,r4ndomP@s
201,10,9,s,s,2168093,c,1964435,203658,true,r4ndomP@ss
201,11,0,r,r,219214,c,36,219178,true,r
201,11,1,4,4,430673,v,275880,154793,true,r4
201,11,2,n,n,647355,F,438205,209150,true,r4n
201,11,3,d,d,867036,z,659073,207963,true,r4nd
201,11,4,o,o,1086054,f,880309,205745,true,r4ndo
201,11,5,m,m,1297879,e,1095490,202389,true,r4ndom
201,11,6,P,P,1514191,d,1310446,203745,true,r4ndomP
201,11,7,@,@,1731216,d,1525866,205350,true,r4ndomP@
201,11,8,s,s,1943972,c,1740976,202996,true,r4ndomP@s
201,11,9,s,s,2155173,c,1955396,199777,true,r4ndomP@ss
201,12,0,r,r,218960,E,39,218921,true,r
201,12,1,4,4,432619,w,221208,211411,true,r4
201,12,2,n,n,652095,G,438150,213945,true,r4n
201,12,3,d,d,868098,Y,655581,212517,true,r4nd
201,12,4,o,o,1082872,f,878229,204643,true,r4ndo
201,12,5,m,m,1299807,$,1106996,192811,true,r4ndom
201,12,6,P,P,1515320,a,1323389,191931,true,r4ndomP
201,12,7,@,@,1728392,#,1533525,194867,true,r4ndomP@
201,12,8,s,s,1944025,m,1747595,196430,true,r4ndomP@s
201,12,9,s,s,2156791,x,1991527,165264,true,r4ndomP@ss
201,13,0,r,r,219058,c,38,219020,true,r
201,13,1,4,4,432260,w,221582,210678,true,r4
201,13,2,n,n,653897,G,439152,214745,true,r4n
201,13,3,d,d,869192,m,654755,214437,true,r4nd
201,13,4,o,o,1085098,f,876282,208816,true,r4ndo
201,13,5,m,m,1299728,e,1095828,203900,true,r4ndom
201,13,6,P,P,1515620,d,1310117,205503,true,r4ndomP
201,13,7,@,@,1728216,d,1525908,202308,true,r4ndomP@
201,13,8,s,s,1942951,1,1816448,126503,true,r4ndomP@s
201,13,9,s,s,2160339,i,1966995,193344,true,r4ndomP@ss
201,14,0,r,r,219687,b,35,219652,true,r
201,14,1,4,4,437601,y,223525,214076,true,r4
201,14,2,n,n,649023,0,442826,206197,true,r4n
201,14,3,d,d,878962,!,661057,217905,true,r4nd
201,14,4,o,o,1085831,b,883568,202263,true,r4ndo
201,14,5,m,m,1304466,j,1097553,206913,true,r4ndom
201,14,6,P,P,1515508,j,1308515,206993,true,r4ndomP
201,14,7,@,@,1728975,k,1531241,197734,true,r4ndomP@
201,14,8,s,s,1944954,&,1733352,211602,true,r4ndomP@s
201,14,9,s,s,2157890,z,1949904,207986,true,r4ndomP@ss
201,15,0,r,r,217147,c,37,217110,true,r
201,15,1,4,4,436412,w,224999,211413,true,r4
201,15,2,n,n,649013,G,439223,209790,true,r4n
201,15,3,d,d,879116,b,684122,194994,true,r4nd
201,15,4,o,o,1085797,^,888777,197020,true,r4ndo
201,15,5,m,m,1298309,d,1103456,194853,true,r4ndom
201,15,6,P,P,1514312,d,1311151,203161,true,r4ndomP
201,15,7,@,@,1729192,d,1525154,204038,true,r4ndomP@
201,15,8,s,s,1945127,c,1743727,201400,true,r4ndomP@s
201,15,9,s,s,2156049,c,1957659,198390,true,r4ndomP@ss
201,16,0,r,r,218723,p,36,218687,true,r
201,16,1,4,4,432755,w,220974,211781,true,r4
201,16,2,n,n,654723,G,438975,215748,true,r4n
201,16,3,d,d,868939,m,655850,213089,true,r4nd
201,16,4,o,o,1085364,f,877295,208069,true,r4ndo
201,16,5,m,m,1299182,e,1094308,204874,true,r4ndom
201,16,6,P,P,1514383,q,1313560,200823,true,r4ndomP
201,16,7,@,@,1729421,w,1566699,162722,true,r4ndomP@
201,16,8,s,s,1964640,h,1797297,167343,true,r4ndomP@s
201,16,9,s,s,2167436,l,1982851,184585,true,r4ndomP@ss
201,17,0,r,r,219156,R,37,219119,true,r
201,17,1,4,4,434161,b,269043,165118,true,r4
201,17,2,n,n,649208,r,474778,174430,true,r4n
201,17,3,d,d,873859,k,658199,215660,true,r4nd
201,17,4,o,o,1092263,1,874899,217364,true,r4ndo
201,17,5,m,m,1298782,e,1092485,206297,true,r4ndom
201,17,6,P,P,1522352,t,1311302,211050,true,r4ndomP
201,17,7,@,@,1745151,!,1547502,197649,true,r4ndomP@
201,17,8,s,s,1942386,8,1782752,159634,true,r4ndomP@s
201,17,9,s,s,2172803,A,1989127,183676,true,r4ndomP@ss
201,18,0,r,r,219052,P,36,219016,true,r
201,18,1,4,4,436654,w,221250,215404,true,r4
201,18,2,n,n,649548,B,443784,205764,true,r4n
201,18,3,d,d,868558,m,656343,212215,true,r4nd
201,18,4,o,o,1083430,f,872577,210853,true,r4ndo
201,18,5,m,m,1300878,e,1089561,211317,true,r4ndom
201,18,6,P,P,1516894,t,1302892,214002,true,r4ndomP
201,18,7,@,@,1740632,d,1524803,215829,true,r4ndomP@
201,18,8,s,s,1944010,E,1762675,181335,true,r4ndomP@s
201,18,9,s,s,2160146,4,1957338,202808,true,r4ndomP@ss
201,19,0,r,r,219682,c,36,219646,true,r
201,19,1,4,4,434840,w,221677,213163,true,r4
201,19,2,n,n,652506,F,440407,212099,true,r4n
201,19,3,d,d,870000,S,656121,213879,true,r4nd
201,19,4,o,o,1086387,G,875887,210500,true,r4ndo
201,19,5,m,m,1295618,e,1094535,201083,true,r4ndom
201,19,6,P,P,1514228,&,1313193,201035,true,r4ndomP
201,19,7,@,@,1731614,j,1548940,182674,true,r4ndomP@
201,19,8,s,s,1942574,f,1771038,171536,true,r4ndomP@s
201,19,9,s,s,2160756,c,1954694,206062,true,r4ndomP@ss
201,20,0,r,r,218869,f,36,218833,true,r
201,20,1,4,4,434812,w,220705,214107,true,r4
201,20,2,n,n,648668,G,437592,211076,true,r4n
201,20,3,d,d,866678,Z,655533,211145,true,r4nd
201,20,4,o,o,1084282,y,875765,208517,true,r4ndo
201,20,5,m,m,1298422,e,1089359,209063,true,r4ndom
201,20,6,P,P,1521141,O,1307107,214034,true,r4ndomP
201,20,7,@,@,1727212,z,1518771,208441,true,r4ndomP@
201,20,8,s,s,1941615,1,1734681,206934,true,r4ndomP@s
201,20,9,s,s,2157786,l,2001161,156625,true,r4ndomP@ss
101,1,0,r,r,260399,d,41,260358,true,r
101,1,1,4,4,435448,c,220454,214994,true,r4
101,1,2,n,n,653874,y,442262,211612,true,r4n
101,1,3,d,d,867306,T,661946,205360,true,r4nd
101,1,4,o,o,1085674,C,885741,199933,true,r4ndo
101,1,5,m,m,1300701,u,1093209,207492,true,r4ndom
101,1,6,P,P,1513789,h,1311364,202425,true,r4ndomP
101,1,7,@,@,1728362,Z,1527308,201054,true,r4ndomP@
101,1,8,s,s,1948967,&,1770730,178237,true,r4ndomP@s
101,1,9,s,s,2157790,b,2046069,111721,true,r4ndomP@ss
101,2,0,r,r,219383,%,36,219347,true,r
101,2,1,4,4,434445,T,221700,212745,true,r4
101,2,2,n,n,648865,w,473085,175780,true,r4n
101,2,3,d,d,870086,u,661121,208965,true,r4nd
101,2,4,o,o,1084494,t,879125,205369,true,r4ndo
101,2,5,m,m,1299514,j,1095064,204450,true,r4ndom
101,2,6,P,P,1514407,b,1318832,195575,true,r4ndomP
101,2,7,@,@,1725961,a,1537727,188234,true,r4ndomP@
101,2,8,s,s,1942004,f,1737996,204008,true,r4ndomP@s
101,2,9,s,s,2159710,f,1954895,204815,true,r4ndomP@ss
101,3,0,r,r,218304,g,39,218265,true,r
101,3,1,4,4,434984,T,221488,213496,true,r4
101,3,2,n,n,648713,a,434422,214291,true,r4n
101,3,3,d,d,869211,u,661905,207306,true,r4nd
101,3,4,o,o,1083545,t,880398,203147,true,r4ndo
101,3,5,m,m,1298094,L,1097899,200195,true,r4ndom
101,3,6,P,P,1515480,h,1312793,202687,true,r4ndomP
101,3,7,@,@,1727948,c,1528377,199571,true,r4ndomP@
101,3,8,s,s,1944370,1,1780638,163732,true,r4ndomP@s
101,3,9,s,s,2160566,F,1954898,205668,true,r4ndomP@ss
101,4,0,r,r,218467,0,36,218431,true,r
101,4,1,4,4,430995,T,221246,209749,true,r4
101,4,2,n,n,649399,a,437509,211890,true,r4n
101,4,3,d,d,868446,u,661069,207377,true,r4nd
101,4,4,o,o,1085042,f,886103,198939,true,r4ndo
101,4,5,m,m,1298360,j,1095056,203304,true,r4ndom
101,4,6,P,P,1518905,h,1314816,204089,true,r4ndomP
101,4,7,@,@,1740508,g,1525570,214938,true,r4ndomP@
101,4,8,s,s,1948080,F,1932762,15318,true,r4ndomP@s
101,4,9,x,s,2866543,p,2427517,439026,false,r4ndomP@sx
101,5,0,r,r,219597,g,41,219556,true,r
101,5,1,4,4,435530,T,221890,213640,true,r4
101,5,2,n,n,647534,S,449443,198091,true,r4n
101,5,3,d,d,869295,5,659336,209959,true,r4nd
101,5,4,o,o,1083698,t,878969,204729,true,r4ndo
101,5,5,m,m,1298355,w,1145377,152978,true,r4ndom
101,5,6,P,P,1512819,h,1309399,203420,true,r4ndomP
101,5,7,@,@,1727865,g,1549551,178314,true,r4ndomP@
101,5,8,s,s,1944295,g,1744551,199744,true,r4ndomP@s
101,5,9,^,s,2788839,s,2154646,634193,false,r4ndomP@s^
101,6,0,r,r,218619,A,36,218583,true,r
101,6,1,4,4,448577,G,360777,87800,true,r4
101,6,2,n,n,665646,G,514065,151581,true,r4n
101,6,3,d,d,900723,b,810186,90537,true,r4nd
101,6,4,o,o,1088148,#,957648,130500,true,r4ndo
101,6,5,m,m,1301579,%,1114800,186779,true,r4ndom
101,6,6,P,P,1513730,W,1400303,113427,true,r4ndomP
101,6,7,@,@,1716867,k,1522353,194514,true,r4ndomP@
101,6,8,s,s,1944887,w,1764062,180825,true,r4ndomP@s
101,6,9,s,s,2165302,b,1972990,192312,true,r4ndomP@ss
101,7,0,r,r,218519,t,36,218483,true,r
101,7,1,4,4,433037,T,221880,211157,true,r4
101,7,2,n,n,650184,U,434530,215654,true,r4n
101,7,3,d,d,868799,u,658650,210149,true,r4nd
101,7,4,o,o,1085617,V,921539,164078,true,r4ndo
101,7,5,m,m,1305025,j,1092482,212543,true,r4ndom
101,7,6,P,P,1512918,j,1314134,198784,true,r4ndomP
101,7,7,@,@,1728027,g,1523193,204834,true,r4ndomP@
101,7,8,v,s,2053362,s,1948150,105212,false,r4ndomP@v
101,7,9,f,s,1740864,p,1734349,6515,false,r4ndomP@vf
101,8,0,r,r,217536,c,36,217500,true,r
101,8,1,4,4,437058,T,221795,215263,true,r4
101,8,2,n,n,650681,W,437497,213184,true,r4n
101,8,3,d,d,869371,p,660698,208673,true,r4nd
101,8,4,o,o,1083547,t,879269,204278,true,r4ndo
101,8,5,m,m,1301713,W,1106771,194942,true,r4ndom
101,8,6,P,P,1516099,h,1310495,205604,true,r4ndomP
101,8,7,@,@,1745601,#,1541475,204126,true,r4ndomP@
101,8,8,&,s,2394518,^,2239010,155508,false,r4ndomP@&
101,8,9,B,s,2217069,z,2048058,169011,false,r4ndomP@&B
101,9,0,r,r,210642,B,36,210606,true,r
101,9,1,4,4,434759,S,221969,212790,true,r4
101,9,2,n,n,652030,B,448653,203377,true,r4n
101,9,3,C,d,941361,d,876008,65353,false,r4nC
101,9,4,9,o,733683,8,691819,41864,false,r4nC9
101,9,5,Z,m,833861,0,762137,71724,false,r4nC9Z
101,9,6,a,P,675130,g,664677,10453,false,r4nC9Za
101,9,7,2,@,684460,1,670219,14241,false,r4nC9Za2
101,9,8,!,s,663108,O,659659,3449,false,r4nC9Za2!
101,9,9,U,s,662411,a,658659,3752,false,r4nC9Za2!U
101,10,0,r,r,218622,d,36,218586,true,r
101,10,1,4,4,434978,$,225472,209506,true,r4
101,10,2,n,n,674999,l,673813,1186,true,r4n
101,10,3,d,d,874739,q,683225,191514,true,r4nd
101,10,4,o,o,1089757,d,880190,209567,true,r4ndo
101,10,5,m,m,1299881,t,1104887,194994,true,r4ndom
101,10,6,P,P,1512827,h,1310637,202190,true,r4ndomP
101,10,7,@,@,1730358,v,1573597,156761,true,r4ndomP@
101,10,8,s,s,1958101,H,1772198,185903,true,r4ndomP@s
101,10,9,s,s,2156376,f,1950376,206000,true,r4ndomP@ss
101,11,0,r,r,216505,a,36,216469,true,r
101,11,1,4,4,434387,T,221513,212874,true,r4
101,11,2,n,n,649324,a,437934,211390,true,r4n
101,11,3,d,d,869501,u,660197,209304,true,r4nd
101,11,4,o,o,1082992,g,890689,192303,true,r4ndo
101,11,5,m,m,1300276,@,1103842,196434,true,r4ndom
101,11,6,P,P,1511730,!,1341544,170186,true,r4ndomP
101,11,7,@,@,1731314,1,1528743,202571,true,r4ndomP@
101,11,8,s,s,1942741,H,1745562,197179,true,r4ndomP@s
101,11,9,s,s,2160898,f,1956137,204761,true,r4ndomP@ss
101,12,0,r,r,218739,c,38,218701,true,r
101,12,1,4,4,433843,z,252465,181378,true,r4
101,12,2,n,n,650484,S,435649,214835,true,r4n
101,12,3,d,d,872937,u,658872,214065,true,r4nd
101,12,4,o,o,1081837,t,878286,203551,true,r4ndo
101,12,5,m,m,1302019,j,1095778,206241,true,r4ndom
101,12,6,P,P,1518053,5,1315293,202760,true,r4ndomP
101,12,7,@,@,1729053,g,1526135,202918,true,r4ndomP@
101,12,8,s,s,1941077,f,1737890,203187,true,r4ndomP@s
101,12,9,s,s,2155980,A,1988353,167627,true,r4ndomP@ss
101,13,0,r,r,218731,c,39,218692,true,r
101,13,1,4,4,434782,T,221914,212868,true,r4
101,13,2,n,n,652224,a,435980,216244,true,r4n
101,13,3,d,d,868324,j,668041,200283,true,r4nd
101,13,4,o,o,1084273,4,925254,159019,true,r4ndo
101,13,5,m,m,1303841,b,1244697,59144,true,r4ndom
101,13,6,P,P,1518385,r,1320393,197992,true,r4ndomP
101,13,7,@,@,1732271,E,1555547,176724,true,r4ndomP@
101,13,8,s,s,1940392,S,1757463,182929,true,r4ndomP@s
101,13,9,s,s,2161251,$,1970967,190284,true,r4ndomP@ss
101,14,0,r,r,218779,b,36,218743,true,r
101,14,1,4,4,432027,T,221707,210320,true,r4
101,14,2,n,n,647781,H,439325,208456,true,r4n
101,14,3,d,d,874502,u,661284,213218,true,r4nd
101,14,4,o,o,1087322,W,892556,194766,true,r4ndo
101,14,5,m,m,1301481,w,1191467,110014,true,r4ndom
101,14,6,P,P,1520014,d,1386767,133247,true,r4ndomP
101,14,7,@,@,1757325,X,1593575,163750,true,r4ndomP@
101,14,8,s,s,1947459,6,1767912,179547,true,r4ndomP@s
101,14,9,Q,s,2171657,s,2162678,8979,false,r4ndomP@sQ
101,15,0,r,r,218999,h,38,218961,true,r
101,15,1,4,4,434424,T,222140,212284,true,r4
101,15,2,n,n,652782,c,652243,539,true,r4n
101,15,3,d,d,876783,G,713603,163180,true,r4nd
101,15,4,o,o,1084311,x,884340,199971,true,r4ndo
101,15,5,m,m,1298497,J,1107205,191292,true,r4ndom
101,15,6,P,P,1525624,Y,1328802,196822,true,r4ndomP
101,15,7,@,@,1728493,s,1535897,192596,true,r4ndomP@
101,15,8,s,s,1958799,f,1859749,99050,true,r4ndomP@s
101,15,9,s,s,2152562,N,2030657,121905,true,r4ndomP@ss
101,16,0,r,r,216935,f,36,216899,true,r
101,16,1,4,4,437332,T,221963,215369,true,r4
101,16,2,n,n,651784,A,439931,211853,true,r4n
101,16,3,d,d,867921,1,666903,201018,true,r4nd
101,16,4,o,o,1093446,r,880653,212793,true,r4ndo
101,16,5,m,m,1298525,T,1119466,179059,true,r4ndom
101,16,6,P,P,1516378,c,1314418,201960,true,r4ndomP
101,16,7,@,@,1738625,I,1541020,197605,true,r4ndomP@
101,16,8,s,s,1950392,o,1752713,197679,true,r4ndomP@s
101,16,9,s,s,2155969,z,1966889,189080,true,r4ndomP@ss
101,17,0,r,r,219850,h,39,219811,true,r
101,17,1,4,4,435612,S,221256,214356,true,r4
101,17,2,n,n,647571,0,445502,202069,true,r4n
101,17,3,d,d,877562,j,726710,150852,true,r4nd
101,17,4,o,o,1086557,r,884038,202519,true,r4ndo
101,17,5,m,m,1301629,c,1102070,199559,true,r4ndom
101,17,6,P,P,1523664,R,1327019,196645,true,r4ndomP
101,17,7,@,@,1727911,k,1606772,121139,true,r4ndomP@
101,17,8,s,s,1944369,I,1745108,199261,true,r4ndomP@s
101,17,9,s,s,2164724,f,1958860,205864,true,r4ndomP@ss
101,18,0,r,r,218597,l,38,218559,true,r
101,18,1,4,4,435856,2,245862,189994,true,r4
101,18,2,n,n,647607,p,436967,210640,true,r4n
101,18,3,d,d,867680,u,659613,208067,true,r4nd
101,18,4,o,o,1088671,h,987765,100906,true,r4ndo
101,18,5,m,m,1302726,S,1259258,43468,true,r4ndom
101,18,6,P,P,1515574,c,1330248,185326,true,r4ndomP
101,18,7,@,@,1726974,g,1527242,199732,true,r4ndomP@
101,18,8,s,s,1944325,f,1737137,207188,true,r4ndomP@s
101,18,9,s,s,2150671,6,1961744,188927,true,r4ndomP@ss
101,19,0,r,r,218915,d,37,218878,true,r
101,19,1,4,4,435435,S,221497,213938,true,r4
101,19,2,n,n,648236,G,434863,213373,true,r4n
101,19,3,d,d,867601,u,661879,205722,true,r4nd
101,19,4,o,o,1084704,t,878236,206468,true,r4ndo
101,19,5,m,m,1301965,j,1094714,207251,true,r4ndom
101,19,6,P,P,1515634,h,1311383,204251,true,r4ndomP
101,19,7,@,@,1729931,g,1523991,205940,true,r4ndomP@
101,19,8,#,s,2037928,f,2029005,8923,false,r4ndomP@#
101,19,9,^,s,1824124,&,1764929,59195,false,r4ndomP@#^
101,20,0,r,r,217672,9,37,217635,true,r
101,20,1,4,4,436625,T,222016,214609,true,r4
101,20,2,n,n,654653,D,439063,215590,true,r4n
101,20,3,d,d,877167,k,667435,209732,true,r4nd
101,20,4,o,o,1090862,V,895750,195112,true,r4ndo
101,20,5,m,m,1315965,i,1108612,207353,true,r4ndom
101,20,6,U,P,1684690,T,1521085,163605,false,r4ndomU
101,20,7,h,@,1316267,r,1310050,6217,false,r4ndomUh
101,20,8,i,s,1320717,h,1309886,10831,false,r4ndomUhi
101,20,9,Y,s,1313458,Z,1312267,1191,false,r4ndomUhiY
50,1,0,r,r,294650,c,45,294605,true,r
50,1,1,4,4,429120,a,220649,208471,true,r4
50,1,2,n,n,650002,a,439079,210923,true,r4n
50,1,3,d,d,872456,B,665904,206552,true,r4nd
50,1,4,o,o,1083034,N,1000769,82265,true,r4ndo
50,1,5,m,m,1293490,k,1107690,185800,true,r4ndom
50,1,6,P,P,1514483,o,1315105,199378,true,r4ndomP
50,1,7,@,@,1729068,C,1543240,185828,true,r4ndomP@
50,1,8,s,s,1938836,e,1792161,146675,true,r4ndomP@s
50,1,9,s,s,2144936,k,1962658,182278,true,r4ndomP@ss
50,2,0,r,r,219074,W,38,219036,true,r
50,2,1,4,4,435952,v,220381,215571,true,r4
50,2,2,n,n,649863,l,442590,207273,true,r4n
50,2,3,d,d,913280,c,778469,134811,true,r4nd
50,2,4,o,o,1082514,F,886807,195707,true,r4ndo
50,2,5,m,m,1297694,9,1099068,198626,true,r4ndom
50,2,6,P,P,1508515,*,1321230,187285,true,r4ndomP
50,2,7,@,@,1723769,$,1531019,192750,true,r4ndomP@
50,2,8,p,s,2059626,s,1955043,104583,false,r4ndomP@p
50,2,9,0,s,1803886,O,1750562,53324,false,r4ndomP@p0
50,3,0,r,r,219008,a,38,218970,true,r
50,3,1,4,4,436273,*,219918,216355,true,r4
50,3,2,n,n,649315,S,443118,206197,true,r4n
50,3,3,d,d,879797,e,663939,215858,true,r4nd
50,3,4,o,o,1082005,V,906544,175461,true,r4ndo
50,3,5,m,m,1293174,7,1108894,184280,true,r4ndom
50,3,6,P,P,1514920,p,1321881,193039,true,r4ndomP
50,3,7,@,@,1721188,t,1539977,181211,true,r4ndomP@
50,3,8,s,s,1934458,n,1751895,182563,true,r4ndomP@s
50,3,9,s,s,2191194,p,1986774,204420,true,r4ndomP@ss
50,4,0,r,r,218861,j,41,218820,true,r
50,4,1,4,4,438937,9,225192,213745,true,r4
50,4,2,n,n,647670,a,444083,203587,true,r4n
50,4,3,d,d,867989,c,662891,205098,true,r4nd
50,4,4,o,o,1081163,S,928548,152615,true,r4ndo
50,4,5,m,m,1300576,9,1108647,191929,true,r4ndom
50,4,6,P,P,1507358,5,1322095,185263,true,r4ndomP
50,4,7,@,@,1725154,$,1522836,202318,true,r4ndomP@
50,4,8,s,s,1935122,I,1782812,152310,true,r4ndomP@s
50,4,9,s,s,2145461,L,1979119,166342,true,r4ndomP@ss
50,5,0,r,r,219023,d,40,218983,true,r
50,5,1,4,4,437962,f,220625,217337,true,r4
50,5,2,n,n,651108,V,442688,208420,true,r4n
50,5,3,d,d,872526,4,687090,185436,true,r4nd
50,5,4,o,o,1087844,Y,886166,201678,true,r4ndo
50,5,5,m,m,1296468,R,1100099,196369,true,r4ndom
50,5,6,P,P,1513734,f,1318251,195483,true,r4ndomP
50,5,7,@,@,1725154,4,1673787,51367,true,r4ndomP@
50,5,8,s,s,1935949,e,1752215,183734,true,r4ndomP@s
50,5,9,s,s,2152548,S,1960105,192443,true,r4ndomP@ss
50,6,0,r,r,218852,d,38,218814,true,r
50,6,1,4,4,437484,D,219854,217630,true,r4
50,6,2,n,n,655297,y,436209,219088,true,r4n
50,6,3,d,d,872701,h,664204,208497,true,r4nd
50,6,4,o,o,1083962,&,883377,200585,true,r4ndo
50,6,5,m,m,1296248,h,1091850,204398,true,r4ndom
50,6,6,P,P,1509747,%,1371864,137883,true,r4ndomP
50,6,7,@,@,1729054,u,1542165,186889,true,r4ndomP@
50,6,8,s,s,1932038,o,1751999,180039,true,r4ndomP@s
50,6,9,s,s,2146970,*,1973848,173122,true,r4ndomP@ss
50,7,0,r,r,216683,f,40,216643,true,r
50,7,1,4,4,438641,d,228777,209864,true,r4
50,7,2,n,n,651743,S,447665,204078,true,r4n
50,7,3,d,d,870823,D,741137,129686,true,r4nd
50,7,4,o,o,1084525,F,883891,200634,true,r4ndo
50,7,5,m,m,1295419,Y,1130593,164826,true,r4ndom
50,7,6,P,P,1506729,p,1346513,160216,true,r4ndomP
50,7,7,@,@,1720747,$,1536900,183847,true,r4ndomP@
50,7,8,s,s,1937630,2,1751809,185821,true,r4ndomP@s
50,7,9,s,s,2147294,H,1979011,168283,true,r4ndomP@ss
50,8,0,r,r,220481,i,41,220440,true,r
50,8,1,4,4,435193,6,220497,214696,true,r4
50,8,2,n,n,654087,I,468358,185729,true,r4n
50,8,3,d,d,868020,W,663813,204207,true,r4nd
50,8,4,o,o,1087105,@,953652,133453,true,r4ndo
50,8,5,m,m,1294929,Q,1096234,198695,true,r4ndom
50,8,6,P,P,1516376,f,1317442,198934,true,r4ndomP
50,8,7,@,@,1718169,k,1536727,181442,true,r4ndomP@
50,8,8,s,s,1936486,p,1786393,150093,true,r4ndomP@s
50,8,9,s,s,2148211,k,2054940,93271,true,r4ndomP@ss
50,9,0,r,r,217925,c,38,217887,true,r
50,9,1,4,4,436068,b,220912,215156,true,r4
50,9,2,n,n,647431,b,435612,211819,true,r4n
50,9,3,d,d,868449,I,793504,74945,true,r4nd
50,9,4,o,o,1096665,*,885658,211007,true,r4ndo
50,9,5,m,m,1319812,%,1099362,220450,true,r4ndom
50,9,6,P,P,1521886,Y,1386034,135852,true,r4ndomP
50,9,7,@,@,1725751,J,1536529,189222,true,r4ndomP@
50,9,8,s,s,1943890,o,1754868,189022,true,r4ndomP@s
50,9,9,s,s,2148598,7,2034794,113804,true,r4ndomP@ss
50,10,0,r,r,219040,m,41,218999,true,r
50,10,1,4,4,439298,H,354308,84990,true,r4
50,10,2,n,n,654744,t,620116,34628,true,r4n
50,10,3,d,d,872423,m,733181,139242,true,r4nd
50,10,4,o,o,1086230,A,887166,199064,true,r4ndo
50,10,5,m,m,1296568,7,1113373,183195,true,r4ndom
50,10,6,P,P,1509275,r,1384812,124463,true,r4ndomP
50,10,7,@,@,1728547,9,1538376,190171,true,r4ndomP@
50,10,8,s,s,1937026,Y,1753438,183588,true,r4ndomP@s
50,10,9,s,s,2157622,k,2046522,111100,true,r4ndomP@ss
50,11,0,r,r,218336,m,41,218295,true,r
50,11,1,4,4,438802,8,222133,216669,true,r4
50,11,2,n,n,647543,x,443338,204205,true,r4n
50,11,3,d,d,868888,^,663373,205515,true,r4nd
50,11,4,o,o,1101621,P,906808,194813,true,r4ndo
50,11,5,m,m,1300821,A,1104459,196362,true,r4ndom
50,11,6,P,P,1512265,X,1372713,139552,true,r4ndomP
50,11,7,@,@,1749398,C,1574033,175365,true,r4ndomP@
50,11,8,s,s,1950937,E,1794961,155976,true,r4ndomP@s
50,11,9,s,s,2153502,g,1973423,180079,true,r4ndomP@ss
50,12,0,r,r,220016,n,38,219978,true,r
50,12,1,4,4,439209,3,220716,218493,true,r4
50,12,2,n,n,648162,X,443411,204751,true,r4n
50,12,3,d,d,866752,9,659856,206896,true,r4nd
50,12,4,o,o,1082704,0,880942,201762,true,r4ndo
50,12,5,m,m,1302734,O,1101991,200743,true,r4ndom
50,12,6,P,P,1510322,q,1343907,166415,true,r4ndomP
50,12,7,@,@,1727523,Y,1659408,68115,true,r4ndomP@
50,12,8,s,s,1946808,e,1768733,178075,true,r4ndomP@s
50,12,9,s,s,2158736,i,1965531,193205,true,r4ndomP@ss
50,13,0,r,r,217731,j,41,217690,true,r
50,13,1,4,4,438420,y,220786,217634,true,r4
50,13,2,n,n,654687,Q,442644,212043,true,r4n
50,13,3,d,d,886891,I,656159,230732,true,r4nd
50,13,4,o,o,1081699,#,885105,196594,true,r4ndo
50,13,5,m,m,1295006,p,1105148,189858,true,r4ndom
50,13,6,P,P,1542569,Q,1373788,168781,true,r4ndomP
50,13,7,@,@,1723811,q,1534530,189281,true,r4ndomP@
50,13,8,s,s,1944262,w,1753437,190825,true,r4ndomP@s
50,13,9,s,s,2150955,e,1972640,178315,true,r4ndomP@ss
50,14,0,r,r,218784,i,41,218743,true,r
50,14,1,4,4,433638,!,219640,213998,true,r4
50,14,2,n,n,658755,l,445172,213583,true,r4n
50,14,3,d,d,865570,U,660608,204962,true,r4nd
50,14,4,o,o,1082423,F,881708,200715,true,r4ndo
50,14,5,9,m,1358818,m,1301265,57553,false,r4ndo9
50,14,6,P,P,1171873,Q,1116406,55467,true,r4ndo9P
50,14,7,m,@,1098283,l,1097131,1152,false,r4ndo9Pm
50,14,8,*,s,1098669,H,1093163,5506,false,r4ndo9Pm*
50,14,9,S,s,1133888,J,1132270,1618,false,r4ndo9Pm*S
50,15,0,r,r,201068,n,41,201027,true,r
50,15,1,4,4,429670,g,221834,207836,true,r4
50,15,2,n,n,668658,4,450757,217901,true,r4n
50,15,3,d,d,861915,0,666080,195835,true,r4nd
50,15,4,o,o,1086123,4,872973,213150,true,r4ndo
50,15,5,m,m,1295706,y,1095511,200195,true,r4ndom
50,15,6,P,P,1512433,J,1321186,191247,true,r4ndomP
50,15,7,@,@,1724223,N,1524150,200073,true,r4ndomP@
50,15,8,s,s,1943158,E,1757700,185458,true,r4ndomP@s
50,15,9,s,s,2158933,q,2150029,8904,true,r4ndomP@ss
50,16,0,r,r,217022,f,41,216981,true,r
50,16,1,4,4,435050,i,220770,214280,true,r4
50,16,2,n,n,648791,l,442572,206219,true,r4n
50,16,3,d,d,871241,A,654709,216532,true,r4nd
50,16,4,o,o,1085379,G,880496,204883,true,r4ndo
50,16,5,m,m,1298730,W,1238987,59743,true,r4ndom
50,16,6,P,P,1509661,c,1337699,171962,true,r4ndomP
50,16,7,@,@,1728444,#,1532025,196419,true,r4ndomP@
50,16,8,s,s,1942631,2,1761772,180859,true,r4ndomP@s
50,16,9,s,s,2141877,T,2047390,94487,true,r4ndomP@ss
50,17,0,r,r,175657,i,41,175616,true,r
50,17,1,4,4,433047,Q,220900,212147,true,r4
50,17,2,n,n,631495,M,442354,189141,true,r4n
50,17,3,d,d,863444,l,669794,193650,true,r4nd
50,17,4,o,o,1089855,j,906050,183805,true,r4ndo
50,17,5,m,m,1315522,V,1106286,209236,true,r4ndom
50,17,6,P,P,1506146,F,1312902,193244,true,r4ndomP
50,17,7,@,@,1717537,1,1530816,186721,true,r4ndomP@
50,17,8,s,s,1945269,9,1765791,179478,true,r4ndomP@s
50,17,9,s,s,2160015,K,1987569,172446,true,r4ndomP@ss
50,18,0,r,r,218245,1,40,218205,true,r
50,18,1,4,4,434888,c,219904,214984,true,r4
50,18,2,n,n,671216,i,460537,210679,true,r4n
50,18,3,d,d,859173,a,665187,193986,true,r4nd
50,18,4,o,o,1098073,9,885043,213030,true,r4ndo
50,18,5,m,m,1296479,P,1112848,183631,true,r4ndom
50,18,6,P,P,1504137,#,1363693,140444,true,r4ndomP
50,18,7,@,@,1722383,V,1585231,137152,true,r4ndomP@
50,18,8,s,s,1932876,o,1806470,126406,true,r4ndomP@s
50,18,9,s,s,2147133,7,1987726,159407,true,r4ndomP@ss
50,19,0,r,r,217916,y,37,217879,true,r
50,19,1,4,4,436527,E,220347,216180,true,r4
50,19,2,n,n,648090,l,444352,203738,true,r4n
50,19,3,d,d,870583,*,689145,181438,true,r4nd
50,19,4,o,o,1079186,e,924612,154574,true,r4ndo
50,19,5,m,m,1291709,!,1095686,196023,true,r4ndom
50,19,6,P,P,1500890,b,1404136,96754,true,r4ndomP
50,19,7,@,@,1725883,%,1532823,193060,true,r4ndomP@
50,19,8,s,s,1931766,9,1796515,135251,true,r4ndomP@s
50,19,9,s,s,2149699,M,1947812,201887,true,r4ndomP@ss
50,20,0,r,r,217347,g,38,217309,true,r
50,20,1,4,4,438216,$,219869,218347,true,r4
50,20,2,n,n,647997,Z,443045,204952,true,r4n
50,20,3,d,d,868252,J,676213,192039,true,r4nd
50,20,4,o,o,1084038,1,884130,199908,true,r4ndo
50,20,5,m,m,1293600,G,1088269,205331,true,r4ndom
50,20,6,P,P,1507658,h,1316516,191142,true,r4ndomP
50,20,7,@,@,1717252,m,1535169,182083,true,r4ndomP@
50,20,8,s,s,1929468,$,1758076,171392,true,r4ndomP@s
50,20,9,s,s,2148305,D,2066173,82132,true,r4ndomP@ss
10,1,0,r,r,231062,K,41,231021,true,r
10,1,1,4,4,434784,e,365944,68840,true,r4
10,1,2,n,n,653458,c,459347,194111,true,r4n
10,1,3,d,d,869465,b,660173,209292,true,r4nd
10,1,4,o,o,1085888,e,880236,205652,true,r4ndo
10,1,5,m,m,1301139,w,1092535,208604,true,r4ndom
10,1,6,P,P,1516694,a,1308069,208625,true,r4ndomP
10,1,7,@,@,1739882,j,1548840,191042,true,r4ndomP@
10,1,8,s,s,1947500,d,1743111,204389,true,r4ndomP@s
10,1,9,$,s,2249090,s,2158937,90153,false,r4ndomP@s$
10,2,0,r,r,218736,b,41,218695,true,r
10,2,1,4,4,435604,i,226125,209479,true,r4
10,2,2,n,n,653833,g,447638,206195,true,r4n
10,2,3,d,d,868347,e,658812,209535,true,r4nd
10,2,4,o,o,1172215,r,1071764,100451,true,r4ndo
10,2,5,m,m,1301291,K,1204604,96687,true,r4ndom
10,2,6,P,P,1517111,d,1319541,197570,true,r4ndomP
10,2,7,@,@,1736305,u,1531576,204729,true,r4ndomP@
10,2,8,s,s,1957826,a,1760257,197569,true,r4ndomP@s
10,2,9,s,s,2169972,Y,1992416,177556,true,r4ndomP@ss
10,3,0,r,r,220243,!,41,220202,true,r
10,3,1,4,4,433055,o,226361,206694,true,r4
10,3,2,n,n,656007,e,453465,202542,true,r4n
10,3,3,d,d,870333,b,659590,210743,true,r4nd
10,3,4,o,o,1089291,c,879291,210000,true,r4ndo
10,3,5,m,m,1302930,a,1098013,204917,true,r4ndom
10,3,6,P,P,1511764,v,1307542,204222,true,r4ndomP
10,3,7,@,@,1737923,b,1534409,203514,true,r4ndomP@
10,3,8,s,s,1987055,t,1772958,214097,true,r4ndomP@s
10,3,9,s,s,2161166,b,1963937,197229,true,r4ndomP@ss
10,4,0,r,r,216048,^,41,216007,true,r
10,4,1,4,4,433229,M,227423,205806,true,r4
10,4,2,n,n,647673,e,442423,205250,true,r4n
10,4,3,d,d,876659,c,658229,218430,true,r4nd
10,4,4,o,o,1084194,t,875048,209146,true,r4ndo
10,4,5,m,m,1296430,@,1092506,203924,true,r4ndom
10,4,6,P,P,1510222,J,1328937,181285,true,r4ndomP
10,4,7,@,@,1743569,a,1541507,202062,true,r4ndomP@
10,4,8,s,s,1944361,c,1744048,200313,true,r4ndomP@s
10,4,9,s,s,2162305,V,2093979,68326,true,r4ndomP@ss
10,5,0,r,r,220680,a,42,220638,true,r
10,5,1,4,4,432242,W,224402,207840,true,r4
10,5,2,n,n,650007,b,453354,196653,true,r4n
10,5,3,d,d,866340,@,666562,199778,true,r4nd
10,5,4,o,o,1086215,a,878715,207500,true,r4ndo
10,5,5,m,m,1297993,4,1296041,1952,true,r4ndom
10,5,6,P,P,1513014,c,1307548,205466,true,r4ndomP
10,5,7,@,@,1736583,K,1533958,202625,true,r4ndomP@
10,5,8,s,s,1946513,a,1748520,197993,true,r4ndomP@s
10,5,9,s,s,2200951,t,1985826,215125,true,r4ndomP@ss
10,6,0,r,r,217326,%,41,217285,true,r
10,6,1,4,4,432423,r,226875,205548,true,r4
10,6,2,n,n,650833,e,448083,202750,true,r4n
10,6,3,d,d,866986,H,660812,206174,true,r4nd
10,6,4,o,o,1092819,d,880750,212069,true,r4ndo
10,6,5,m,m,1309437,#,1093236,216201,true,r4ndom
10,6,6,P,P,1510743,z,1313506,197237,true,r4ndomP
10,6,7,R,@,1790235,@,1736625,53610,false,r4ndomPR
10,6,8,a,s,1528548,r,1527749,799,false,r4ndomPRa
10,6,9,X,s,1524027,c,1523333,694,false,r4ndomPRaX
10,7,0,r,r,218555,^,41,218514,true,r
10,7,1,4,4,434750,P,230416,204334,true,r4
10,7,2,n,n,649590,b,446597,202993,true,r4n
10,7,3,d,d,869909,c,662131,207778,true,r4nd
10,7,4,o,o,1084194,l,880812,203382,true,r4ndo
10,7,5,m,m,1301555,f,1096521,205034,true,r4ndom
10,7,6,P,P,1513673,y,1327958,185715,true,r4ndomP
10,7,7,@,@,1738201,o,1532826,205375,true,r4ndomP@
10,7,8,s,s,1953250,c,1750076,203174,true,r4ndomP@s
10,7,9,s,s,2166055,a,1967597,198458,true,r4ndomP@ss
10,8,0,r,r,221340,b,41,221299,true,r
10,8,1,4,4,430472,K,226444,204028,true,r4
10,8,2,n,n,658055,b,451132,206923,true,r4n
10,8,3,d,d,870749,Q,669652,201097,true,r4nd
10,8,4,o,o,1089868,3,882583,207285,true,r4ndo
10,8,5,m,m,1307097,r,1095305,211792,true,r4ndom
10,8,6,P,P,1515986,c,1316687,199299,true,r4ndomP
10,8,7,@,@,1741139,a,1535222,205917,true,r4ndomP@
10,8,8,s,s,1951027,C,1745847,205180,true,r4ndomP@s
10,8,9,s,s,2162916,l,1988896,174020,true,r4ndomP@ss
10,9,0,r,r,221500,b,41,221459,true,r
10,9,1,4,4,435472,H,226527,208945,true,r4
10,9,2,n,n,651194,b,450576,200618,true,r4n
10,9,3,d,d,867826,b,671347,196479,true,r4nd
10,9,4,o,o,1083583,L,883416,200167,true,r4ndo
10,9,5,m,m,1299653,a,1106534,193119,true,r4ndom
10,9,6,P,P,1517993,c,1310528,207465,true,r4ndomP
10,9,7,@,@,1729618,Q,1550382,179236,true,r4ndomP@
10,9,8,s,s,1954590,b,1744423,210167,true,r4ndomP@s
10,9,9,s,s,2156534,c,1959750,196784,true,r4ndomP@ss
10,10,0,r,r,218465,&,41,218424,true,r
10,10,1,4,4,434868,a,225368,209500,true,r4
10,10,2,n,n,652006,b,443909,208097,true,r4n
10,10,3,d,d,868423,c,660472,207951,true,r4nd
10,10,4,o,o,1082486,c,877513,204973,true,r4ndo
10,10,5,m,m,1300923,R,1110569,190354,true,r4ndom
10,10,6,P,P,1514722,p,1312965,201757,true,r4ndomP
10,10,7,@,@,1731090,6,1524069,207021,true,r4ndomP@
10,10,8,s,s,1942881,a,1748486,194395,true,r4ndomP@s
10,10,9,0,s,2322673,s,2162430,160243,false,r4ndomP@s0
10,11,0,r,r,216687,&,41,216646,true,r
10,11,1,4,4,444534,a,224819,219715,true,r4
10,11,2,n,n,649555,b,444263,205292,true,r4n
10,11,3,d,d,868326,q,662208,206118,true,r4nd
10,11,4,o,o,1081347,a,878618,202729,true,r4ndo
10,11,5,m,m,1299285,b,1098555,200730,true,r4ndom
10,11,6,P,P,1516784,a,1311979,204805,true,r4ndomP
10,11,7,@,@,1726541,v,1523270,203271,true,r4ndomP@
10,11,8,s,s,1942548,Y,1774527,168021,true,r4ndomP@s
10,11,9,s,s,2161742,H,1960812,200930,true,r4ndomP@ss
10,12,0,r,r,216048,b,41,216007,true,r
10,12,1,4,4,431833,a,232104,199729,true,r4
10,12,2,n,n,650007,i,441235,208772,true,r4n
10,12,3,d,d,877708,n,659500,218208,true,r4nd
10,12,4,o,o,1078541,a,874173,204368,true,r4ndo
10,12,5,m,m,1295736,V,1089305,206431,true,r4ndom
10,12,6,P,P,1512666,5,1311902,200764,true,r4ndomP
10,12,7,@,@,1731715,f,1549652,182063,true,r4ndomP@
10,12,8,s,s,1957618,b,1744763,212855,true,r4ndomP@s
10,12,9,s,s,2166895,b,1960388,206507,true,r4ndomP@ss
10,13,0,r,r,218916,b,41,218875,true,r
10,13,1,4,4,435868,n,223229,212639,true,r4
10,13,2,n,n,653958,u,444534,209424,true,r4n
10,13,3,d,d,868604,f,661208,207396,true,r4nd
10,13,4,o,o,1080014,8,888625,191389,true,r4ndo
10,13,5,m,m,1297972,D,1092826,205146,true,r4ndom
10,13,6,P,P,1516965,c,1320118,196847,true,r4ndomP
10,13,7,@,@,1733159,a,1523194,209965,true,r4ndomP@
10,13,8,s,s,1948646,1,1741090,207556,true,r4ndomP@s
10,13,9,s,s,2163500,X,1985944,177556,true,r4ndomP@ss
10,14,0,r,r,220784,&,41,220743,true,r
10,14,1,4,4,433972,N,226791,207181,true,r4
10,14,2,n,n,652618,b,457624,194994,true,r4n
10,14,3,d,d,865840,E,656479,209361,true,r4nd
10,14,4,o,o,1085215,F,874562,210653,true,r4ndo
10,14,5,m,m,1294458,Q,1090146,204312,true,r4ndom
10,14,6,P,P,1519847,a,1315944,203903,true,r4ndomP
10,14,7,@,@,1731257,*,1523284,207973,true,r4ndomP@
10,14,8,s,s,1990215,r,1759312,230903,true,r4ndomP@s
10,14,9,s,s,2160236,b,1965493,194743,true,r4ndomP@ss
10,15,0,r,r,222201,a,41,222160,true,r
10,15,1,4,4,434548,0,230416,204132,true,r4
10,15,2,n,n,652458,b,440478,211980,true,r4n
10,15,3,d,d,871861,b,662333,209528,true,r4nd
10,15,4,o,o,1082812,D,875673,207139,true,r4ndo
10,15,5,m,m,1301368,a,1099243,202125,true,r4ndom
10,15,6,s,P,1948208,P,1509395,438813,false,r4ndoms
10,15,7,c,@,1310340,q,1305590,4750,false,r4ndomsc
10,15,8,G,s,1312965,K,1310187,2778,false,r4ndomscG
10,15,9,b,s,1306916,h,1305777,1139,false,r4ndomscGb
10,16,0,r,r,217965,b,41,217924,true,r
10,16,1,4,4,435402,a,224041,211361,true,r4
10,16,2,n,n,647375,g,439611,207764,true,r4n
10,16,3,d,d,869764,6,661305,208459,true,r4nd
10,16,4,o,o,1089777,L,874173,215604,true,r4ndo
10,16,5,m,m,1298472,y,1108924,189548,true,r4ndom
10,16,6,P,P,1516284,^,1324159,192125,true,r4ndomP
10,16,7,@,@,1744506,a,1549388,195118,true,r4ndomP@
10,16,8,s,s,1955527,J,1759847,195680,true,r4ndomP@s
10,16,9,s,s,2167145,%,1988041,179104,true,r4ndomP@ss
10,17,0,r,r,215493,^,41,215452,true,r
10,17,1,4,4,432513,a,232354,200159,true,r4
10,17,2,n,n,653368,S,445805,207563,true,r4n
10,17,3,d,d,869840,x,764653,105187,true,r4nd
10,17,4,O,o,1165576,o,1090180,75396,false,r4ndO
10,17,5,s,m,895868,e,884618,11250,false,r4ndOs
10,17,6,T,P,878291,e,878000,291,false,r4ndOsT
10,17,7,!,@,876993,&,875229,1764,false,r4ndOsT!
10,17,8,L,s,878437,a,876750,1687,false,r4ndOsT!L
10,17,9,C,s,874916,i,874347,569,false,r4ndOsT!LC
10,18,0,r,r,218660,9,41,218619,true,r
10,18,1,4,4,439499,E,222187,217312,true,r4
10,18,2,n,n,647576,I,445993,201583,true,r4n
10,18,3,d,d,871409,S,654499,216910,true,r4nd
10,18,4,o,o,1083361,d,876145,207216,true,r4ndo
10,18,5,m,m,1296451,#,1091499,204952,true,r4ndom
10,18,6,P,P,1522250,$,1309646,212604,true,r4ndomP
10,18,7,@,@,1730146,R,1521604,208542,true,r4ndomP@
10,18,8,s,s,1945187,8,1765285,179902,true,r4ndomP@s
10,18,9,s,s,2164138,n,1970992,193146,true,r4ndomP@ss
10,19,0,r,r,218048,b,41,218007,true,r
10,19,1,4,4,433472,Q,220979,212493,true,r4
10,19,2,n,n,649139,v,439979,209160,true,r4n
10,19,3,d,d,865923,&,670770,195153,true,r4nd
10,19,4,@,o,1335722,$,1265639,70083,false,r4nd@
10,19,5,a,m,878562,b,877785,777,false,r4nd@a
10,19,6,5,P,882270,n,880180,2090,false,r4nd@a5
10,19,7,l,@,883513,f,881784,1729,false,r4nd@a5l
10,19,8,j,s,888145,i,885813,2332,false,r4nd@a5lj
10,19,9,c,s,878416,t,878222,194,false,r4nd@a5ljc
10,20,0,r,r,218097,b,41,218056,true,r
10,20,1,4,4,431951,d,225382,206569,true,r4
10,20,2,n,n,649291,b,454750,194541,true,r4n
10,20,3,d,d,865916,a,656798,209118,true,r4nd
10,20,4,o,o,1082312,a,879353,202959,true,r4ndo
10,20,5,m,m,1302340,i,1092076,210264,true,r4ndom
10,20,6,P,P,1518882,d,1310263,208619,true,r4ndomP
10,20,7,h,@,1805180,g,1777041,28139,false,r4ndomPh
10,20,8,c,s,1537257,F,1524847,12410,false,r4ndomPhc
10,20,9,b,s,1535708,F,1525750,9958,false,r4ndomPhcb
1,1,0,r,r,228750,a,208,228542,true,r
1,1,1,4,4,729583,F,603125,126458,true,r4
1,1,2,n,n,766959,a,600375,166584,true,r4n
1,1,3,d,d,874708,A,747916,126792,true,r4nd
1,1,4,o,o,1060208,i,993667,66541,true,r4ndo
1,1,5,m,m,1280958,g,1146959,133999,true,r4ndom
1,1,6,P,P,1478292,f,1430375,47917,true,r4ndomP
1,1,7,@,@,1687250,2,1581917,105333,true,r4ndomP@
1,1,8,s,s,1910625,e,1847208,63417,true,r4ndomP@s
1,1,9,s,s,2142458,d,2141875,583,true,r4ndomP@ss
1,2,0,r,r,221916,b,42,221874,true,r
1,2,1,4,4,459958,I,311083,148875,true,r4
1,2,2,n,n,635042,o,503125,131917,true,r4n
1,2,3,d,d,836250,r,735667,100583,true,r4nd
1,2,4,o,o,1066708,r,964375,102333,true,r4ndo
1,2,5,m,m,1300208,t,1279667,20541,true,r4ndom
1,2,6,P,P,1492084,j,1395417,96667,true,r4ndomP
1,2,7,@,@,1706875,e,1606958,99917,true,r4ndomP@
1,2,8,s,s,1937875,e,1844458,93417,true,r4ndomP@s
1,2,9,s,s,2240792,d,2066500,174292,true,r4ndomP@ss
1,3,0,r,r,224917,a,83,224834,true,r
1,3,1,4,4,437708,j,287709,149999,true,r4
1,3,2,n,n,704959,o,585125,119834,true,r4n
1,3,3,d,d,903666,m,727167,176499,true,r4nd
1,3,4,o,o,1179667,i,958042,221625,true,r4ndo
1,3,5,m,m,1319250,g,1253083,66167,true,r4ndom
1,3,6,P,P,1475000,f,1403875,71125,true,r4ndomP
1,3,7,@,@,1734500,e,1656542,77958,true,r4ndomP@
1,3,8,s,s,1937333,9,1844667,92666,true,r4ndomP@s
1,3,9,s,s,2140000,d,2050875,89125,true,r4ndomP@ss
1,4,0,r,r,216042,K,42,216000,true,r
1,4,1,4,4,431792,j,294958,136834,true,r4
1,4,2,n,n,644417,V,518125,126292,true,r4n
1,4,3,d,d,862875,k,716958,145917,true,r4nd
1,4,4,o,o,1072584,i,982542,90042,true,r4ndo
1,4,5,m,m,1273125,g,1196709,76416,true,r4ndom
1,4,6,P,P,1544125,t,1370750,173375,true,r4ndomP
1,4,7,@,@,1706833,e,1649208,57625,true,r4ndomP@
1,4,8,s,s,1939375,d,1826291,113084,true,r4ndomP@s
1,4,9,d,s,2136542,s,2128792,7750,false,r4ndomP@sd
1,5,0,r,r,217959,e,42,217917,true,r
1,5,1,4,4,441584,k,280500,161084,true,r4
1,5,2,n,n,691542,h,495625,195917,true,r4n
1,5,3,d,d,909500,6,885666,23834,true,r4nd
1,5,4,o,o,1064792,k,1012583,52209,true,r4ndo
1,5,5,m,m,1286709,o,1190833,95876,true,r4ndom
1,5,6,P,P,1462708,z,1357250,105458,true,r4ndomP
1,5,7,@,@,1683000,e,1620291,62709,true,r4ndomP@
1,5,8,s,s,1882708,d,1805792,76916,true,r4ndomP@s
1,5,9,d,s,2168125,s,2126834,41291,false,r4ndomP@sd
1,6,0,r,r,223250,D,42,223208,true,r
1,6,1,4,4,461250,j,282500,178750,true,r4
1,6,2,n,n,646250,f,541666,104584,true,r4n
1,6,3,d,d,875333,5,743667,131666,true,r4nd
1,6,4,o,o,1048500,C,975083,73417,true,r4ndo
1,6,5,m,m,1294750,n,1229333,65417,true,r4ndom
1,6,6,P,P,1470500,e,1409958,60542,true,r4ndomP
1,6,7,@,@,1701667,e,1675208,26459,true,r4ndomP@
1,6,8,s,s,1925209,m,1843416,81793,true,r4ndomP@s
1,6,9,s,s,2140458,d,2061042,79416,true,r4ndomP@ss
1,7,0,r,r,243708,E,42,243666,true,r
1,7,1,4,4,448333,o,276291,172042,true,r4
1,7,2,*,n,8014416,&,2830125,5184291,false,r4*
1,7,3,v,d,824042,s,569666,254376,false,r4*v
1,7,4,B,o,503208,o,487417,15791,false,r4*vB
1,7,5,o,m,495792,H,493250,2542,false,r4*vBo
1,7,6,N,P,521084,a,480208,40876,false,r4*vBoN
1,7,7,g,@,513375,o,507417,5958,false,r4*vBoNg
1,7,8,o,s,519000,H,485334,33666,false,r4*vBoNgo
1,7,9,d,s,485708,O,479917,5791,false,r4*vBoNgod
1,8,0,r,r,221875,a,83,221792,true,r
1,8,1,4,4,442333,M,291833,150500,true,r4
1,8,2,n,n,672042,5,469791,202251,true,r4n
1,8,3,d,d,886166,r,715791,170375,true,r4nd
1,8,4,o,o,1075792,i,1030000,45792,true,r4ndo
1,8,5,m,m,1384875,s,1199750,185125,true,r4ndom
1,8,6,P,P,1486750,f,1431500,55250,true,r4ndomP
1,8,7,@,@,1792625,e,1622375,170250,true,r4ndomP@
1,8,8,s,s,2026208,p,1819209,206999,true,r4ndomP@s
1,8,9,s,s,2216917,l,2066583,150334,true,r4ndomP@ss
1,9,0,r,r,223250,K,42,223208,true,r
1,9,1,4,4,422041,j,330292,91749,true,r4
1,9,2,n,n,652625,o,519292,133333,true,r4n
1,9,3,d,d,918125,2,717667,200458,true,r4nd
1,9,4,o,o,1105000,h,1064417,40583,true,r4ndo
1,9,5,m,m,1323292,r,1182917,140375,true,r4ndom
1,9,6,P,P,1553167,i,1386292,166875,true,r4ndomP
1,9,7,@,@,1721583,e,1632333,89250,true,r4ndomP@
1,9,8,s,s,1951417,i,1800458,150959,true,r4ndomP@s
1,9,9,s,s,2155208,S,2064917,90291,true,r4ndomP@ss
1,10,0,r,r,218417,e,42,218375,true,r
1,10,1,4,4,456084,n,280417,175667,true,r4
1,10,2,n,n,657833,m,558209,99624,true,r4n
1,10,3,d,d,902625,m,732000,170625,true,r4nd
1,10,4,o,o,1168083,h,938000,230083,true,r4ndo
1,10,5,m,m,1318041,g,1270791,47250,true,r4ndom
1,10,6,P,P,1491750,f,1442334,49416,true,r4ndomP
1,10,7,B,@,2123917,z,1950166,173751,false,r4ndomPB
1,10,8,W,s,1734792,B,1731083,3709,false,r4ndomPBW
1,10,9,g,s,1615250,N,1611250,4000,false,r4ndomPBWg
1,11,0,r,r,219917,a,42,219875,true,r
1,11,1,4,4,439833,m,279375,160458,true,r4
1,11,2,n,n,633125,5,524708,108417,true,r4n
1,11,3,d,d,859666,i,817250,42416,true,r4nd
1,11,4,o,o,1060209,V,943417,116792,true,r4ndo
1,11,5,m,m,1269542,X,1146625,122917,true,r4ndom
1,11,6,h,P,5238167,j,3045042,2193125,false,r4ndomh
1,11,7,e,@,1443041,2,1430292,12749,false,r4ndomhe
1,11,8,S,s,1410291,f,1379334,30957,false,r4ndomheS
1,11,9,%,s,1626333,#,1541500,84833,false,r4ndomheS%
1,12,0,r,r,219250,e,42,219208,true,r
1,12,1,4,4,449500,W,322292,127208,true,r4
1,12,2,n,n,661583,w,615833,45750,true,r4n
1,12,3,*,d,862750,d,862125,625,false,r4n*
1,12,4,X,o,724791,x,722750,2041,false,r4n*X
1,12,5,K,m,748833,3,736875,11958,false,r4n*XK
1,12,6,x,P,684292,O,678292,6000,false,r4n*XKx
1,12,7,j,@,714167,I,711625,2542,false,r4n*XKxj
1,12,8,j,s,738584,0,697083,41501,false,r4n*XKxjj
1,12,9,j,s,729291,7,718500,10791,false,r4n*XKxjjj
1,13,0,r,r,217958,a,42,217916,true,r
1,13,1,4,4,439666,&,250208,189458,true,r4
1,13,2,n,n,659667,K,460792,198875,true,r4n
1,13,3,d,d,864542,J,711834,152708,true,r4nd
1,13,4,o,o,1098209,m,904042,194167,true,r4ndo
1,13,5,m,m,1271833,0,1134000,137833,true,r4ndom
1,13,6,P,P,1535292,5,1350833,184459,true,r4ndomP
1,13,7,@,@,16259959,9,5520791,10739168,true,r4ndomP@
1,13,8,m,s,8202084,l,5740292,2461792,false,r4ndomP@m
1,13,9,p,s,3525042,k,3200083,324959,false,r4ndomP@mp
1,14,0,r,r,220916,&,42,220874,true,r
1,14,1,4,4,453750,m,276291,177459,true,r4
1,14,2,n,n,635084,u,533584,101500,true,r4n
1,14,3,&,d,947708,d,893083,54625,false,r4n&
1,14,4,U,o,1603125,P,1592375,10750,false,r4n&U
1,14,5,v,m,1045625,d,1029708,15917,false,r4n&Uv
1,14,6,E,P,767291,V,766000,1291,false,r4n&UvE
1,14,7,j,@,888875,B,784000,104875,false,r4n&UvEj
1,14,8,9,s,1450500,&,865375,585125,false,r4n&UvEj9
1,14,9,b,s,3222834,O,723541,2499293,false,r4n&UvEj9b
1,15,0,r,r,222792,a,42,222750,true,r
1,15,1,4,4,445500,r,274375,171125,true,r4
1,15,2,n,n,666333,o,585292,81041,true,r4n
1,15,3,d,d,894333,w,807125,87208,true,r4nd
1,15,4,o,o,1058917,7,1038250,20667,true,r4ndo
1,15,5,m,m,1271166,d,1127208,143958,true,r4ndom
1,15,6,G,P,1520417,P,1485167,35250,false,r4ndomG
1,15,7,E,@,1685750,3,1544708,141042,false,r4ndomGE
1,15,8,l,s,1436000,n,1395541,40459,false,r4ndomGEl
1,15,9,r,s,1345375,v,1324583,20792,false,r4ndomGElr
1,16,0,r,r,220791,D,42,220749,true,r
1,16,1,4,4,440667,m,239041,201626,true,r4
1,16,2,n,n,665375,o,486083,179292,true,r4n
1,16,3,d,d,834250,j,698750,135500,true,r4nd
1,16,4,o,o,1054959,h,897750,157209,true,r4ndo
1,16,5,m,m,1324625,n,1114917,209708,true,r4ndom
1,16,6,P,P,1518458,f,1340500,177958,true,r4ndomP
1,16,7,@,@,1697042,K,1595333,101709,true,r4ndomP@
1,16,8,9,s,7933333,!,3919750,4013583,false,r4ndomP@9
1,16,9,V,s,5356958,W,3909458,1447500,false,r4ndomP@9V
1,17,0,r,r,225125,b,42,225083,true,r
1,17,1,2,4,2433042,C,846458,1586584,false,r2
1,17,2,P,n,236542,J,235750,792,false,r2P
1,17,3,C,d,285416,R,239250,46166,false,r2PC
1,17,4,t,o,341916,u,286000,55916,false,r2PCt
1,17,5,#,m,300500,B,295958,4542,false,r2PCt#
1,17,6,C,P,286250,H,269125,17125,false,r2PCt#C
1,17,7,C,@,273750,d,246750,27000,false,r2PCt#CC
1,17,8,q,s,481584,x,304667,176917,false,r2PCt#CCq
1,17,9,B,s,363750,P,342833,20917,false,r2PCt#CCqB
1,18,0,r,r,263708,G,42,263666,true,r
1,18,1,4,4,455333,x,425000,30333,true,r4
1,18,2,U,n,872709,t,790916,81793,false,r4U
1,18,3,p,d,857375,!,773500,83875,false,r4Up
1,18,4,z,o,714084,F,516875,197209,false,r4Upz
1,18,5,H,m,808042,F,798167,9875,false,r4UpzH
1,18,6,M,P,1036292,m,924583,111709,false,r4UpzHM
1,18,7,j,@,872708,6,826958,45750,false,r4UpzHMj
1,18,8,@,s,1050833,2,752291,298542,false,r4UpzHMj@
1,18,9,U,s,985917,T,878625,107292,false,r4UpzHMj@U
1,19,0,r,r,184500,a,83,184417,true,r
1,19,1,*,4,1041083,l,833542,207541,false,r*
1,19,2,a,n,1414334,B,677333,737001,false,r*a
1,19,3,y,d,3487708,&,826167,2661541,false,r*ay
1,19,4,l,o,772208,e,748042,24166,false,r*ayl
1,19,5,X,m,577667,!,539834,37833,false,r*aylX
1,19,6,I,P,1089375,N,984875,104500,false,r*aylXI
1,19,7,c,@,976042,n,685542,290500,false,r*aylXIc
1,19,8,u,s,268333,C,259875,8458,false,r*aylXIcu
1,19,9,D,s,263875,q,244750,19125,false,r*aylXIcuD
1,20,0,r,r,237833,a,84,237749,true,r
1,20,1,4,4,433750,k,246417,187333,true,r4
1,20,2,g,n,1222042,j,950417,271625,false,r4g
1,20,3,Z,d,2954250,R,743417,2210833,false,r4gZ
1,20,4,p,o,548125,q,508583,39542,false,r4gZp
1,20,5,M,m,552917,w,552750,167,false,r4gZpM
1,20,6,j,P,1612250,c,1381625,230625,false,r4gZpMj
1,20,7,@,@,939958,D,868834,71124,true,r4gZpMj@
1,20,8,u,s,619708,s,560250,59458,false,r4gZpMj@u
1,20,9,S,s,1115542,U,792042,323500,false,r4gZpMj@uS
